$wmc,$dit,$noc,$cbo,$rfc,$lcom,$ca,$ce,$npm,$lcom3,$loc,$dam,$moa,$mfa,$cam,$ic,$cbm,$amc,$max_cc,$avg_cc,<$bug
-0.22267,2.47509,-0.16374,-0.133,-0.28532,-0.14958,-0.41372,0.46911,-0.22759,1.58806,-0.2182,-1.2045,-0.48882,1.03641,-0.5535,0.33042,1.66998,-0.29626,-0.13013,0.20897,0
-0.02855,1.52955,-0.16374,-0.29956,0.01332,-0.13892,-0.28667,-0.05622,-0.412,-1.07804,0.06307,0.95082,0.55719,1.01258,0.11631,0.33042,0.42966,0.37878,-0.44868,-0.34827,1
0.03616,2.00232,-0.16374,0.86637,1.22542,-0.10529,-0.28667,2.83309,0.01828,-0.29348,0.16357,0.95082,0.55719,1.00541,-1.19141,-0.68067,-0.50059,0.5175,0.29461,0.19571,1
-0.35209,-0.36153,-0.16374,-0.57716,-0.56638,-0.16106,-0.41372,-0.58155,-0.35053,1.58806,-0.24538,-1.2045,-0.48882,0.76718,0.61867,-0.68067,-0.50059,0.27337,-0.13013,0.3947,0
-0.25503,1.52955,-0.16374,-0.4106,-0.17991,-0.16188,-0.35019,-0.31889,-0.412,-0.56121,-0.0861,0.95082,-0.48882,1.03593,0.11631,1.34152,0.73974,0.87888,-0.3425,-0.10682,1
-0.35209,-0.36153,-0.16374,-0.63268,-0.60152,-0.16106,-0.47724,-0.71289,-0.35053,1.58806,-0.28899,-1.2045,-0.48882,0.48487,1.12103,0.33042,-0.19051,-0.65508,-0.44868,-0.44116,0
-0.35209,2.47509,-0.16374,-0.07747,-0.09208,-0.16106,-0.28667,0.60044,-0.35053,1.58806,-0.1689,-1.2045,-0.48882,1.04687,1.12103,1.34152,0.73974,1.90153,1.0379,3.45949,0
-0.15797,1.05678,-0.16374,-0.52164,-0.09208,-0.13892,-0.41372,-0.58155,-0.04319,1.58806,-0.20872,-1.2045,-0.48882,1.03363,0.11631,0.33042,-0.19051,-0.38933,-0.3425,-0.3715,1
-0.19032,-0.8343,-0.16374,1.31054,-0.54882,-0.14466,1.80951,-0.84422,-0.04319,1.58806,-0.29468,-1.2045,-0.48882,-1.20902,0.212,-0.68067,-0.50059,-0.84346,-0.55486,-0.44116,0
-0.15797,1.52955,-0.16374,-0.4106,-0.12721,-0.14548,-0.35019,-0.31889,-0.412,-0.47207,-0.22389,0.23238,0.03418,1.02921,0.11631,3.36371,3.2204,-0.48015,-0.55486,-0.58047,0
-0.19032,-0.8343,-0.16374,-0.35508,-0.32045,-0.16188,-0.41372,-0.18756,-0.22759,-0.56891,-0.07978,0.95082,0.03418,-1.20902,-0.4004,-0.68067,-0.50059,0.42907,0.18843,0.67331,1
-0.25503,2.00232,-0.16374,-0.46612,0.20655,-0.16024,-0.41372,-0.45022,-0.22759,-0.72298,0.03779,0.95082,-0.48882,1.03575,-0.28558,-0.68067,-0.50059,1.94997,0.08224,0.67331,0
-0.25503,-0.36153,-0.16374,-0.4106,-0.16235,-0.16024,-0.41372,-0.31889,-0.22759,-0.80387,-0.17459,0.95082,-0.48882,0.90379,-0.01765,0.33042,1.66998,0.16842,0.18843,0.22753,1
4.43636,-0.8343,-0.16374,5.8077,5.24819,8.31793,5.4302,5.19708,6.65685,-0.18149,2.604,0.43542,6.31024,-1.20902,-1.56796,-0.68067,-0.50059,-0.05459,2.52448,0.9185,1
0.03616,-0.36153,-0.16374,0.08909,0.99705,-0.14466,0.03093,0.33777,0.01828,-0.58787,0.3159,0.95082,0.03418,0.71825,0.47698,0.33042,1.3599,0.98845,0.50698,0.15587,1
-0.0609,0.11124,-0.16374,-0.24404,0.27682,-0.16188,-0.35019,0.07511,0.14122,-0.69987,0.04285,0.95082,-0.48882,0.29666,-0.67528,0.33042,0.73974,0.4434,1.56882,1.83844,1
-0.31974,1.52955,-0.16374,-0.4106,-0.25018,-0.16106,-0.41372,-0.31889,-0.412,-0.90786,-0.06461,0.95082,-0.48882,1.04269,2.12574,1.34152,0.73974,2.35005,-0.3425,-0.25543,1
-0.22267,-0.8343,-0.16374,-0.63268,-0.56638,-0.14958,-0.41372,-0.84422,-0.10466,1.58806,-0.29531,-1.2045,-0.48882,-1.20902,1.12103,-0.68067,-0.50059,-0.84346,-0.55486,-0.44116,0
7.60709,0.58401,-0.16374,3.19824,7.79536,13.23653,2.88937,4.01509,11.3899,-0.27694,5.45654,0.46773,4.74122,0.42663,-1.58642,2.35262,3.84056,0.11147,2.4183,0.81714,1
-0.35209,-0.36153,-0.16374,-0.18852,-0.56638,-0.16106,-0.28667,-0.05622,-0.412,-0.07589,-0.26497,-1.2045,-0.48882,0.93063,0.78612,0.33042,0.11957,-0.18413,-0.55486,-0.71977,0
-0.28738,-0.8343,0.2074,-0.46612,-0.47855,-0.15696,-0.35019,-0.58155,-0.22759,-0.63054,-0.27635,0.95082,0.03418,-1.20902,0.11631,-0.68067,-0.50059,-0.6349,-0.44868,-0.44116,0
-0.0609,1.52955,-0.16374,-0.02195,0.43492,-0.13974,0.03093,0.20644,-0.412,-0.45028,0.05422,0.95082,-0.48882,1.01533,-0.43172,-0.68067,-0.50059,0.47766,0.29461,-0.08653,0
-0.35209,-0.36153,-0.16374,-0.24404,-0.53125,-0.16106,-0.41372,0.07511,-0.412,1.58806,-0.2675,-1.2045,-0.48882,0.93063,0.61867,0.33042,-0.19051,-0.19758,-0.55486,-0.71977,0
-0.31974,-0.8343,-0.16374,-0.18852,-0.33802,-0.15942,-0.47724,0.33777,-0.35053,-0.07589,-0.26497,0.95082,-0.48882,-1.20902,-0.5535,-0.68067,-0.50059,-0.39493,-0.3425,-0.25543,1
-0.22267,-0.8343,0.94969,1.03294,-0.42585,-0.15614,1.49191,-0.71289,-0.10466,-0.74147,-0.26813,0.95082,0.03418,-1.20902,0.45122,-0.68067,-0.50059,-0.65957,-0.55486,-0.53405,1
0.03616,1.52955,-0.16374,-0.07747,0.68085,-0.12005,-0.15963,0.46911,-0.412,-0.37988,0.02704,0.95082,0.03418,1.006,0.11631,3.36371,3.2204,0.10613,-0.3425,-0.20233,0
-0.31974,2.00232,-0.16374,-0.4106,-0.19748,-0.15942,-0.41372,-0.18756,-0.28906,-0.07589,-0.22958,0.95082,-0.48882,1.0426,0.78612,-0.68067,-0.50059,0.10742,-0.55486,-0.62688,0
0.84502,2.00232,-0.16374,0.86637,2.05105,0.26215,-0.03259,2.57043,0.01828,-0.36207,0.83104,0.71989,2.1262,0.93149,-1.04704,3.36371,1.98007,0.3441,0.82553,0.18752,1
-0.31974,-0.36153,-0.16374,-0.4106,-0.47855,-0.16188,-0.41372,-0.31889,-0.47347,-1.73984,-0.24411,-1.2045,0.03418,0.5476,-0.10696,0.33042,0.11957,-0.10788,0.08224,0.67331,0
-0.12561,-0.8343,-0.16374,-0.46612,-0.35558,-0.16188,-0.22315,-0.71289,0.01828,-0.04989,-0.0665,-0.97999,8.40225,-1.20902,-0.26046,-0.68067,-0.50059,0.08648,-0.44868,-0.44116,0
-0.25503,-0.36153,-0.16374,-0.29956,-0.25018,-0.16188,-0.41372,-0.05622,-0.28906,-0.69987,-0.23653,0.95082,-0.48882,0.22822,0.5182,-0.68067,-0.50059,-0.34829,-0.23631,-0.21826,0
0.26264,-0.8343,-0.16374,0.08909,0.25925,-0.16188,0.09445,0.07511,0.81737,-0.91975,0.79185,0.95082,1.08019,-1.20902,-0.88157,-0.68067,-0.50059,1.33254,2.63066,3.7779,1
-0.38445,-0.8343,-0.16374,-0.133,-0.63665,-0.16188,0.09445,-0.71289,-0.412,1.58806,-0.29152,-1.2045,-0.48882,-1.20902,2.12574,-0.68067,-0.50059,-0.60126,-0.66105,-0.99839,0
-0.28738,1.05678,-0.16374,-0.35508,-0.39072,-0.16188,-0.22315,-0.18756,-0.35053,-0.90786,-0.26497,0.95082,0.03418,1.04014,-0.21859,-0.68067,-0.50059,-0.52052,-0.44868,-0.44116,0
0.48912,-0.8343,-0.16374,-0.29956,0.01332,-0.12415,-0.28667,-0.05622,0.81737,-0.23766,0.47392,0.95082,1.08019,-1.20902,-0.87046,-0.68067,-0.50059,0.28971,1.0379,0.7131,1
-0.12561,1.52955,-0.16374,-0.46612,-0.19748,-0.15368,-0.35019,-0.45022,-0.28906,-0.49187,-0.1847,0.95082,-0.48882,1.02253,0.11631,1.34152,0.73974,-0.34709,-0.55486,-0.50307,0
1.4274,1.52955,-0.16374,6.64051,2.99965,0.90271,7.01822,4.01509,2.1082,-0.16093,0.66923,-0.164,4.21822,0.86907,-1.55914,0.33042,-0.19051,-0.16076,1.35645,0.41916,1
0.61854,-0.8343,1.32084,1.03294,0.55789,0.16619,1.04726,0.99444,1.12471,-0.13932,0.01946,-0.22481,-0.48882,-1.20902,-0.84303,-0.68067,-0.50059,-0.45577,-0.13013,-0.11027,0
-0.15797,0.11124,-0.16374,-0.63268,-0.42585,-0.14876,-0.41372,-0.71289,0.01828,-0.5513,-0.26813,0.95082,-0.48882,0.84937,2.12574,-0.68067,-0.50059,-0.71227,-0.55486,-0.51081,0
-0.25503,-0.8343,-0.16374,-0.57716,-0.56638,-0.15368,-0.47724,-0.58155,-0.16612,1.58806,-0.29152,-1.2045,-0.48882,-1.20902,1.32197,-0.68067,-0.50059,-0.80579,-0.55486,-0.5526,0
-0.31974,-0.36153,-0.16374,-0.46612,-0.58395,-0.15942,-0.41372,-0.45022,-0.47347,1.58806,-0.28646,-1.2045,-0.48882,0.5476,-0.01765,0.33042,0.11957,-0.69096,-0.55486,-0.62688,0
-0.28738,-0.36153,-0.16374,-0.46612,-0.51368,-0.16188,-0.41372,-0.45022,-0.47347,-1.0003,-0.24854,0.95082,-0.48882,0.37194,-0.45781,0.33042,0.11957,-0.35232,-0.13013,-0.02323,0
-0.0609,2.00232,-0.16374,-0.133,0.41735,-0.1381,-0.35019,0.33777,-0.22759,-0.38491,-0.05133,0.95082,-0.48882,1.01543,-0.43172,-0.68067,-0.50059,0.07153,-0.23631,-0.23855,0
3.40102,-0.8343,-0.16374,-0.29956,2.49022,4.82069,-0.09611,-0.71289,1.18618,-0.20713,3.00221,0.34171,0.03418,-1.20902,-1.33825,-0.68067,-0.50059,0.29983,0.29461,-0.19085,0
0.42441,-0.8343,-0.16374,1.58814,0.61059,0.0161,1.68247,1.2571,0.63296,-0.28766,-0.06524,0.95082,1.08019,-1.20902,-1.45679,-0.68067,-0.50059,-0.49879,0.18843,-0.16254,1
0.03616,2.00232,-0.16374,0.14461,0.75112,-0.12169,-0.28667,0.99444,-0.28906,-0.26788,0.24701,0.95082,1.08019,1.00541,-0.74487,0.33042,-0.19051,0.75586,0.61316,-0.04312,1
-0.31974,-0.8343,-0.16374,0.92189,-0.61908,-0.15942,1.36487,-0.84422,-0.28906,0.75609,-0.29658,-1.2045,-0.48882,-1.20902,1.45593,-0.68067,-0.50059,-0.84346,-0.55486,-0.44116,0
-0.38445,0.58401,-0.16374,0.25565,-0.63665,-0.16188,0.60262,-0.84422,-0.412,1.58806,-0.29594,-1.2045,-0.48882,1.0495,2.12574,-0.68067,-0.50059,-0.73582,-0.66105,-0.99839,0
0.00381,-0.8343,-0.16374,-0.18852,-0.00425,-0.12251,-0.22315,-0.18756,0.20268,-1.32385,-0.10948,0.95082,0.03418,-1.20902,-0.66513,-0.68067,-0.50059,-0.25141,0.18843,0.41615,1
-0.35209,-0.36153,-0.16374,-0.29956,-0.56638,-0.16106,-0.41372,-0.05622,-0.412,1.58806,-0.27635,-1.2045,-0.48882,0.93063,0.61867,0.33042,-0.19051,-0.38596,-0.55486,-0.71977,0
-0.22267,-0.36153,-0.16374,-0.46612,-0.44342,-0.16188,-0.35019,-0.58155,-0.16612,-1.07426,-0.25992,0.95082,-0.48882,0.10845,-0.10696,-0.68067,-0.50059,-0.60574,-0.55486,-0.53405,0
0.19793,1.05678,-0.16374,1.14398,0.66329,-0.06428,1.1743,1.2571,0.20268,-0.23436,0.09152,0.64292,1.08019,0.98891,-1.07726,2.35262,5.08089,-0.01487,-0.02394,-0.2065,1
-0.28738,-0.36153,-0.16374,-0.46612,-0.39072,-0.1586,-0.41372,-0.31889,-0.35053,-0.35321,-0.23084,-1.2045,-0.48882,0.5283,-0.28558,-0.68067,-0.50059,-0.15722,-0.3425,-0.02323,0
0.00381,-0.8343,-0.16374,0.36669,-0.09208,-0.12908,0.47558,-0.05622,0.32562,-0.51961,-0.12971,0.95082,1.08019,-1.20902,-0.53289,-0.68067,-0.50059,-0.32593,-0.13013,0.20178,1
-0.25503,-0.36153,-0.16374,-0.29956,-0.32045,-0.1586,-0.41372,-0.05622,-0.35053,-0.90786,-0.20113,-1.2045,-0.48882,0.63886,-0.41954,-0.68067,-0.50059,-0.0415,0.40079,1.1191,0
-0.22267,1.52955,-0.16374,-0.02195,-0.05695,-0.15942,-0.03259,-0.18756,-0.28906,-0.55658,-0.14235,-0.48606,-0.48882,1.03704,-0.51522,0.33042,0.11957,0.20161,0.40079,0.67331,0
-0.02855,-0.36153,-0.16374,-0.24404,-0.10965,-0.16188,-0.22315,-0.18756,-0.04319,-1.28603,-0.18786,-1.2045,-0.48882,0.18084,-0.48652,0.33042,0.11957,-0.47791,-0.23631,-0.20896,0
-0.02855,-0.8343,-0.16374,-0.133,0.06602,-0.10775,-0.03259,-0.31889,0.26415,0.07538,0.30579,-0.28079,-0.48882,-1.20902,-0.93027,-0.68067,-0.50059,1.26013,2.20593,3.69169,1
-0.31974,1.52955,-0.16374,-0.46612,-0.35558,-0.16106,-0.41372,-0.45022,-0.28906,-0.90786,-0.10822,0.95082,0.03418,1.04269,2.12574,1.34152,0.73974,1.72211,-0.44868,-0.25543,0
-0.25503,-0.8343,-0.16374,-0.52164,-0.46098,-0.16188,-0.35019,-0.71289,-0.28906,-0.95986,-0.12908,0.95082,-0.48882,-1.20902,0.5182,-0.68067,-0.50059,0.53441,0.40079,1.1191,0
0.00381,-0.8343,-0.16374,3.14272,0.25925,-0.13072,3.9057,-0.71289,-0.04319,-0.25417,-0.02289,0.02711,-0.48882,-1.20902,-1.17547,-0.68067,-0.50059,0.00529,0.08224,0.28754,0
0.06852,0.11124,0.94969,2.25439,-0.26775,-0.12662,2.88937,-0.71289,0.20268,-0.90786,-0.20177,-1.2045,0.03418,0.07081,0.42889,0.33042,0.11957,-0.59767,-0.3425,-0.25543,1
-0.09326,-0.8343,-0.16374,-0.24404,-0.17991,-0.15942,-0.03259,-0.58155,0.01828,-0.7692,-0.15626,0.95082,0.03418,-1.20902,-0.48652,-0.68067,-0.50059,-0.27294,-0.13013,0.00463,0
-0.0609,-0.36153,-0.16374,-0.24404,-0.16235,-0.14138,-0.28667,0.07511,0.07975,-0.49187,-0.18217,0.95082,-0.48882,0.18084,-0.34038,0.33042,0.11957,-0.42266,-0.3425,-0.08653,0
-0.0609,1.52955,-0.16374,-0.29956,0.20655,-0.14138,-0.28667,-0.05622,-0.412,-0.54734,-0.08862,0.95082,-0.48882,1.01589,0.11631,2.35262,1.04982,-0.07036,-0.02394,0.06543,0
-0.35209,-0.36153,-0.16374,-0.29956,-0.58395,-0.16106,-0.35019,-0.18756,-0.35053,-0.07589,-0.2852,-1.2045,-0.48882,0.93063,0.61867,0.33042,-0.19051,-0.5878,-0.55486,-0.71977,0
-0.25503,-0.36153,-0.16374,-0.52164,-0.37315,-0.15368,-0.41372,-0.45022,-0.16612,1.58806,-0.24348,-1.2045,-0.48882,0.68813,0.19669,0.33042,0.42966,-0.39673,-0.44868,-0.44116,0
-0.25503,0.11124,-0.16374,-0.35508,-0.56638,-0.16024,-0.09611,-0.84422,-0.16612,-0.49187,-0.27635,0.95082,-0.48882,0.6193,-0.01765,0.33042,-0.19051,-0.69814,-0.55486,-0.5526,0
-0.22267,-0.36153,-0.16374,0.25565,-0.00425,-0.14958,-0.28667,0.99444,-0.412,0.11428,-0.12023,-1.2045,-0.48882,0.55852,0.56285,-0.68067,-0.50059,0.36756,-0.55486,-0.53405,0
0.16558,-0.8343,-0.16374,-0.02195,0.99705,-0.12662,-0.22315,0.46911,0.07975,-0.63869,0.17305,0.95082,-0.48882,-1.20902,-1.47285,-0.68067,-0.50059,0.2345,1.14408,0.7043,1
-0.35209,-0.36153,-0.16374,-0.46612,-0.61908,-0.16106,-0.28667,-0.71289,-0.412,-0.07589,-0.29278,-1.2045,-0.48882,0.93063,1.12103,-0.68067,-0.50059,-0.74927,-0.55486,-0.71977,0
0.13322,-0.36153,-0.16374,-0.07747,0.59302,-0.08151,-0.41372,0.60044,0.01828,-0.27588,0.40566,0.95082,2.1262,-0.19658,-0.8293,0.33042,0.11957,0.85355,3.0554,2.47614,1
-0.31974,0.11124,-0.16374,-0.52164,-0.54882,-0.15942,-0.47724,-0.45022,-0.28906,1.58806,-0.27825,-1.2045,-0.48882,1.0495,1.12103,-0.68067,-0.50059,-0.57435,-0.66105,-0.99839,0
-0.15797,1.52955,-0.16374,-0.4106,-0.23262,-0.1422,-0.28667,-0.18756,0.01828,-0.31359,-0.25233,0.95082,0.55719,1.02525,0.61867,0.33042,-0.19051,-0.62817,-0.55486,-0.51081,1
-0.19032,-0.8343,0.57855,-0.4106,-0.47855,-0.1545,-0.35019,-0.45022,-0.10466,-0.90786,-0.21061,0.95082,-0.48882,-1.20902,0.212,-0.68067,-0.50059,-0.33599,0.29461,0.75294,0
-0.09326,-0.8343,-0.16374,-0.133,0.15385,-0.14466,-0.22315,0.20644,-0.04319,-0.12566,0.66733,-0.12684,0.55719,-1.20902,-0.7377,-0.68067,-0.50059,3.17445,2.73685,3.79384,1
-0.15797,-0.36153,-0.16374,-0.29956,-0.32045,-0.16188,-0.35019,-0.18756,-0.10466,-1.26442,-0.18596,0.95082,-0.48882,0.36212,-0.26046,0.33042,0.11957,-0.27159,-0.44868,-0.23219,0
-0.0609,-0.8343,0.57855,0.25565,-0.32045,-0.13482,0.5391,-0.71289,0.01828,-0.40868,-0.24222,-1.2045,-0.48882,-1.20902,-0.34038,-0.68067,-0.50059,-0.65997,-0.55486,-0.59312,1
-0.35209,-0.8343,-0.16374,-0.35508,-0.54882,-0.16188,-0.15963,-0.71289,-0.35053,1.19188,-0.26624,-1.2045,1.08019,-1.20902,0.61867,-0.68067,-0.50059,-0.45324,-0.55486,-0.71977,1
1.33034,0.58401,-0.16374,0.53325,1.85782,0.70668,0.34853,1.12577,2.41554,-0.13665,0.38669,0.25555,1.6032,0.87825,-1.47914,2.35262,7.25146,-0.3451,0.08224,-0.12125,1
-0.31974,-0.36153,-0.16374,-0.07747,-0.49612,-0.15942,-0.22315,0.07511,-0.35053,1.58806,-0.24917,-1.2045,-0.48882,0.82365,0.25027,0.33042,-0.19051,-0.1617,-0.55486,-0.62688,0
-0.12561,1.52955,-0.16374,-0.24404,0.11872,-0.14712,-0.22315,0.07511,-0.412,-0.54387,-0.16953,0.95082,0.03418,1.02253,0.11631,3.36371,3.2204,-0.26935,-0.44868,-0.44116,0
-0.0609,-0.8343,-0.16374,0.81085,-0.10965,-0.14302,0.92022,-0.05622,0.01828,-0.54179,-0.14741,0.95082,0.03418,-1.20902,-1.2501,-0.68067,-0.50059,-0.29544,-0.13013,-0.03588,0
0.13322,-0.8343,-0.16374,-0.57716,-0.02181,-0.07987,-0.35019,-0.84422,0.51003,-0.57507,0.13007,0.51975,-0.48882,-1.20902,-0.5929,-0.68067,-0.50059,0.18868,0.61316,0.11608,1
-0.31974,1.52955,-0.16374,-0.46612,-0.25018,-0.16106,-0.41372,-0.45022,-0.28906,-0.90786,-0.15373,0.95082,0.03418,1.04269,2.12574,1.34152,0.73974,1.12109,-0.3425,-0.06965,1
-0.15797,1.52955,-0.16374,-0.29956,-0.12721,-0.14548,-0.15963,-0.31889,-0.412,-0.47207,-0.22389,0.23238,0.03418,1.02921,0.11631,3.36371,3.2204,-0.48015,-0.55486,-0.58047,0
-0.28738,-0.36153,-0.16374,-0.133,-0.25018,-0.15696,-0.28667,0.07511,-0.35053,1.58806,-0.19102,-1.2045,-0.48882,0.72685,0.45122,0.33042,-0.19051,0.2801,-0.55486,-0.58047,0
-0.35209,-0.36153,-0.16374,-0.57716,-0.61908,-0.16106,-0.35019,-0.58155,-0.35053,1.58806,-0.29405,-1.2045,-0.48882,0.76718,0.61867,-0.68067,-0.50059,-0.76273,-0.55486,-0.71977,0
-0.35209,2.47509,-0.16374,0.03357,-0.17991,-0.16106,-0.28667,0.8631,-0.35053,1.58806,-0.22326,-1.2045,-0.48882,1.04687,1.12103,2.35262,0.73974,0.74432,0.18843,1.23055,0
-0.0609,-0.8343,-0.16374,-0.57716,-0.39072,-0.13318,-0.41372,-0.58155,0.20268,-0.74147,-0.26624,0.95082,0.03418,-1.20902,-0.18815,-0.68067,-0.50059,-0.7456,-0.55486,-0.49181,0
-0.35209,-0.36153,-0.16374,-0.57716,-0.56638,-0.16106,-0.41372,-0.58155,-0.35053,1.58806,-0.25802,-1.2045,-0.48882,0.76718,0.61867,-0.68067,-0.50059,0.00425,-0.13013,0.3947,0
-0.19032,-0.36153,-0.16374,-0.29956,-0.33802,-0.15778,-0.41372,-0.05622,-0.04319,-0.39283,-0.20682,0.95082,-0.48882,0.37194,-0.31428,0.33042,-0.19051,-0.33599,-0.44868,-0.28195,0
0.16558,-0.8343,-0.16374,0.08909,0.57545,-0.13974,-0.09611,0.46911,-0.16612,-0.56528,0.71095,0.95082,0.55719,-1.20902,-1.26796,-0.68067,-0.50059,1.50832,2.84303,3.02608,1
-0.28738,-0.8343,-0.16374,0.08909,-0.30288,-0.16188,-0.15963,0.60044,-0.28906,-0.81542,-0.11075,-0.48606,0.55719,-1.20902,-0.45781,-0.68067,-0.50059,1.11436,-0.44868,-0.44116,0
-0.12561,-0.8343,-0.16374,-0.57716,-0.37315,-0.16024,-0.41372,-0.71289,-0.10466,-0.61073,-0.14994,0.95082,-0.48882,-1.20902,2.12574,-0.68067,-0.50059,-0.18562,-0.13013,0.61141,0
-0.28738,0.11124,-0.16374,-0.35508,-0.44342,-0.16188,-0.09611,-0.71289,-0.28906,0.29388,-0.25423,-0.91712,-0.48882,0.71072,0.11631,0.33042,-0.19051,-0.49361,-0.55486,-0.58047,0
-0.35209,-0.36153,-0.16374,-0.07747,-0.51368,-0.16106,-0.28667,0.20644,-0.412,1.58806,-0.25802,-1.2045,-0.48882,0.93063,0.61867,-0.68067,-0.50059,0.00425,-0.55486,-0.71977,0
-0.25503,-0.8343,-0.16374,-0.63268,-0.25018,-0.15368,-0.41372,-0.84422,-0.16612,1.58806,-0.1689,-1.2045,-0.48882,-1.20902,-0.68746,-0.68067,-0.50059,0.23839,-0.02394,0.67331,0
0.19793,-0.8343,-0.16374,0.36669,0.59302,-0.08725,-0.09611,1.12577,0.07975,-0.56121,0.48783,0.41199,0.03418,-1.20902,-0.78852,-0.68067,-0.50059,0.88172,-0.13013,-0.08921,0
-0.38445,2.47509,-0.16374,-0.46612,-0.40828,-0.16188,-0.35019,-0.31889,-0.412,1.58806,-0.24917,-1.2045,-0.48882,1.0495,2.12574,-0.68067,-0.50059,1.25565,-0.66105,-0.99839,0
0.03616,-0.8343,-0.16374,0.36669,-0.19748,-0.16188,0.66614,-0.71289,0.14122,-0.65187,-0.05512,-0.93508,0.03418,-1.20902,-0.51522,-0.68067,-0.50059,-0.14376,-0.02394,0.31507,0
-0.22267,-0.8343,0.94969,-0.46612,-0.46098,-0.14958,-0.28667,-0.71289,-0.10466,1.58806,-0.26813,-1.2045,-0.48882,-1.20902,-0.21859,-0.68067,-0.50059,-0.6506,-0.44868,-0.16254,0
-0.02855,2.00232,-0.16374,-0.02195,0.94435,-0.13892,-0.22315,0.60044,-0.35053,-0.3364,0.34118,0.71134,0.03418,1.01208,-1.03194,-0.68067,-0.50059,1.36105,0.29461,0.48759,0
0.00381,-0.8343,-0.16374,-0.29956,-0.44342,-0.09791,-0.03259,-0.84422,0.32562,1.58806,-0.29089,-1.2045,-0.48882,-1.20902,-0.16192,-0.68067,-0.50059,-0.84346,-0.55486,-0.44116,0
-0.38445,-0.8343,-0.16374,-0.35508,-0.63665,-0.16188,-0.09611,-0.84422,-0.47347,1.58806,-0.28583,-1.2045,0.03418,-1.20902,2.12574,-0.68067,-0.50059,-0.43979,-0.66105,-0.99839,1
-0.25503,0.11124,-0.16374,-0.57716,0.04845,-0.1586,-0.41372,-0.71289,-0.16612,-0.65827,-0.16447,0.95082,-0.48882,1.02237,0.92008,1.34152,1.04982,0.24915,-0.44868,-0.44116,0
-0.02855,1.52955,-0.16374,-0.02195,0.34709,-0.13072,-0.15963,0.60044,-0.412,-0.40868,-0.10569,0.95082,0.03418,1.01258,-0.8884,3.36371,3.2204,-0.19534,-0.3425,-0.11612,0
-0.22267,2.00232,-0.16374,-0.24404,0.13629,-0.1545,-0.28667,0.20644,-0.28906,-0.40868,-0.11011,0.95082,-0.48882,1.03233,-0.33023,-0.68067,-0.50059,0.45727,-0.55486,-0.53405,0
-0.22267,1.05678,-0.16374,-0.07747,-0.09208,-0.15614,-0.15963,0.07511,-0.35053,-0.32548,-0.04817,0.95082,1.08019,1.03381,-0.68746,-0.68067,-0.50059,0.89234,-0.44868,-0.44116,1
-0.38445,2.00232,2.06313,-0.18852,-0.28532,-0.16188,-0.03259,-0.45022,-0.412,1.58806,-0.23906,-1.2045,-0.48882,1.0495,2.12574,-0.68067,-0.50059,1.68623,-0.66105,-0.99839,0
-0.19032,-0.8343,-0.16374,-0.4106,-0.46098,-0.15122,-0.15963,-0.84422,-0.10466,-0.90786,-0.25865,0.95082,-0.48882,-1.20902,-1.22331,-0.68067,-0.50059,-0.63201,-0.23631,-0.12275,0
-0.28738,-0.8343,-0.16374,-0.52164,-0.44342,-0.1586,-0.41372,-0.45022,-0.28906,-0.63054,-0.25992,0.95082,-0.48882,-1.20902,-0.5535,-0.68067,-0.50059,-0.45997,-0.23631,0.25539,1
0.13322,1.05678,-0.16374,0.14461,0.90922,-0.0733,-0.28667,1.12577,-0.28906,-0.49187,0.04158,0.95082,1.08019,0.9914,-0.97377,2.35262,0.73974,-0.02503,0.93172,0.41108,1
-0.38445,0.58401,-0.16374,-0.52164,-0.63665,-0.16188,-0.35019,-0.71289,-0.412,1.58806,-0.29594,-1.2045,-0.48882,1.0495,2.12574,-0.68067,-0.50059,-0.73582,-0.66105,-0.99839,0
-0.35209,-0.8343,-0.16374,-0.4106,-0.63665,-0.16106,-0.22315,-0.71289,-0.35053,1.58806,-0.29784,-1.2045,-0.48882,-1.20902,0.61867,-0.68067,-0.50059,-0.84346,-0.55486,-0.44116,0
-0.0609,0.58401,-0.16374,-0.46612,-0.25018,-0.14302,-0.35019,-0.58155,0.14122,-0.8524,0.01946,-0.48606,0.03418,0.51808,-0.79707,1.34152,0.73974,0.34799,0.82553,0.82527,0
-0.31974,-0.8343,-0.16374,-0.4106,-0.60152,-0.15942,-0.15963,-0.84422,-0.35053,0.65209,-0.28457,-1.2045,0.55719,-1.20902,0.11631,-0.68067,-0.50059,-0.73582,-0.44868,-0.44116,0
2.36568,-0.36153,-0.16374,-0.24404,0.99705,2.83586,-0.47724,0.20644,4.68986,1.58806,0.1345,-1.2045,-0.48882,-0.97128,-1.66725,-0.68067,-0.50059,-0.65571,-0.3425,-0.42817,0
-0.35209,0.11124,-0.16374,-0.4106,-0.60152,-0.16106,-0.41372,-0.31889,-0.35053,1.58806,-0.29278,-1.2045,-0.48882,0.72685,1.12103,-0.68067,-0.50059,-0.73582,-0.55486,-0.71977,0
-0.19032,-0.36153,-0.16374,-0.29956,-0.17991,-0.16188,-0.41372,0.07511,-0.28906,-0.70617,0.05422,0.16707,0.55719,-0.18242,-0.82689,-0.68067,-0.50059,1.23642,-0.13013,0.83252,0
0.26264,-0.8343,-0.16374,0.25565,0.69842,-0.07823,0.22149,1.12577,0.01828,-0.30628,0.03463,0.95082,1.08019,-1.20902,-0.93625,-0.68067,-0.50059,-0.2104,-0.13013,-0.12275,1
-0.31974,-0.36153,-0.16374,-0.46612,-0.53125,-0.16188,-0.41372,-0.45022,-0.47347,-0.90786,-0.25043,0.95082,-0.48882,0.5476,-0.10696,0.33042,0.11957,-0.19758,-0.13013,0.11608,0
-0.35209,-0.8343,-0.16374,-0.52164,-0.63665,-0.16106,-0.28667,-0.71289,-0.35053,1.58806,-0.29784,-1.2045,-0.48882,-1.20902,2.12574,-0.68067,-0.50059,-0.84346,-0.55486,-0.44116,0
-0.28738,-0.8343,-0.16374,-0.57716,-0.58395,-0.16188,-0.41372,-0.71289,-0.28906,-1.73984,-0.26181,0.95082,-0.48882,-1.20902,0.78612,-0.68067,-0.50059,-0.48688,-0.3425,-0.02323,0
-0.0609,0.58401,-0.16374,0.31117,-0.21505,-0.13482,0.41205,-0.18756,0.20268,-0.99106,-0.20998,-1.2045,-0.48882,0.51808,-0.43172,0.33042,0.11957,-0.53031,-0.44868,-0.44116,0
-0.25503,-0.8343,-0.16374,-0.52164,-0.46098,-0.16188,-0.35019,-0.71289,-0.28906,-0.85586,-0.14045,0.95082,-0.48882,-1.20902,0.5182,-0.68067,-0.50059,0.43753,0.40079,1.1191,0
-0.15797,-0.36153,-0.16374,0.31117,-0.00425,-0.13892,-0.41372,1.38843,-0.412,1.58806,-0.12908,-1.2045,-0.48882,0.41711,-0.43172,0.33042,-0.19051,0.03453,-0.55486,-0.51081,0
-0.35209,-0.36153,-0.16374,-0.02195,-0.33802,-0.16106,-0.41372,0.60044,-0.412,1.58806,-0.24285,-1.2045,-0.48882,0.93063,0.61867,0.33042,-0.19051,0.32719,-0.55486,-0.71977,0
-0.31974,-0.36153,-0.16374,-0.35508,-0.51368,-0.16188,-0.22315,-0.58155,-0.28906,-1.73984,-0.27761,0.95082,-0.48882,0.40421,0.78612,0.33042,-0.19051,-0.57435,-0.55486,-0.62688,0
-0.35209,-0.36153,-0.16374,-0.24404,-0.58395,-0.16106,-0.35019,-0.05622,-0.412,-0.07589,-0.28709,-1.2045,-0.48882,0.93063,0.78612,-0.68067,-0.50059,-0.62817,-0.55486,-0.71977,0
-0.25503,-0.8343,-0.16374,-0.133,0.15385,-0.16188,-0.41372,0.33777,-0.412,-0.55756,0.05675,0.95082,0.55719,-1.20902,-0.21859,-0.68067,-0.50059,2.05761,-0.55486,-0.66405,1
-0.25503,-0.8343,-0.16374,-0.35508,-0.37315,-0.16188,-0.28667,-0.45022,-0.16612,-0.64787,-0.23843,-1.2045,0.03418,-1.20902,0.25027,-0.68067,-0.50059,-0.39673,-0.44868,-0.44116,0
-0.35209,-0.36153,-0.16374,-0.133,-0.51368,-0.16106,-0.41372,0.33777,-0.412,-0.07589,-0.27635,-1.2045,-0.48882,0.93063,0.61867,0.33042,-0.19051,-0.41288,-0.55486,-0.71977,0
-0.31974,-0.36153,-0.16374,-0.07747,-0.35558,-0.15942,-0.41372,0.46911,-0.412,-0.07589,-0.12655,-1.2045,-0.48882,0.82365,0.25027,0.33042,-0.19051,1.56962,-0.55486,-0.62688,0
-0.31974,2.00232,-0.16374,-0.35508,-0.09208,-0.15942,-0.28667,-0.31889,-0.28906,1.58806,-0.18533,-1.2045,-0.48882,1.0426,0.33958,-0.68067,-0.50059,0.74432,-0.55486,-0.62688,0
0.00381,-0.8343,-0.16374,0.03357,-0.21505,-0.16188,0.28501,-0.71289,0.26415,-0.97719,-0.22831,0.95082,-0.48882,-1.20902,-0.3474,-0.68067,-0.50059,-0.64266,-0.44868,-0.44116,1
-0.31974,-0.8343,-0.16374,-0.35508,-0.32045,-0.15942,-0.41372,-0.05622,-0.412,1.58806,-0.234,-1.2045,-0.48882,-1.20902,0.33958,-0.68067,-0.50059,0.05359,0.82553,1.97351,1
-0.19032,2.00232,-0.16374,-0.35508,0.03089,-0.1545,-0.28667,-0.18756,-0.22759,-0.72298,-0.16384,0.95082,0.03418,1.03552,-0.68746,2.35262,3.53048,-0.07071,0.18843,0.19571,0
3.2716,-0.8343,-0.16374,9.52758,5.89816,4.28922,9.49553,6.90441,4.38252,-0.20263,2.93015,0.95082,3.69521,-1.20902,-1.68506,-0.68067,-0.50059,0.32908,6.55948,1.26477,1
-0.35209,-0.36153,-0.16374,-0.02195,-0.49612,-0.16106,-0.41372,0.60044,-0.412,0.13211,-0.21188,0.14257,1.6032,0.93063,0.61867,0.33042,-0.19051,0.87888,-0.55486,-0.71977,0
-0.19032,-0.36153,-0.16374,0.20013,-0.37315,-0.1463,0.03093,0.20644,-0.10466,-1.18519,-0.26624,-1.2045,-0.48882,0.48487,-0.05593,0.33042,-0.19051,-0.6743,-0.55486,-0.52079,0
-0.22267,-0.36153,-0.16374,-0.46612,-0.28532,-0.15122,-0.41372,-0.45022,-0.16612,-0.27556,-0.20429,0.51975,-0.48882,0.61517,0.28376,0.33042,0.42966,-0.22001,-0.23631,-0.06965,1
-0.28738,-0.8343,-0.16374,-0.07747,-0.17991,-0.16188,-0.35019,0.33777,-0.28906,-0.72298,-0.17206,0.5916,1.08019,-1.20902,0.78612,-0.68067,-0.50059,0.44157,0.29461,0.3947,0
-0.12561,-0.36153,-0.16374,0.31117,0.10115,-0.1504,-0.22315,1.51977,-0.35053,-0.49187,-0.07661,0.95082,1.6032,-0.34036,-0.95042,0.33042,-0.19051,0.16423,0.50698,0.5495,0
-0.22267,-0.8343,-0.16374,-0.4106,-0.35558,-0.16188,-0.35019,-0.45022,-0.47347,-1.73984,-0.18786,0.95082,-0.48882,-1.20902,0.45122,-0.68067,-0.50059,-0.08545,-0.3425,0.20897,0
-0.19032,-0.36153,-0.16374,-0.35508,-0.35558,-0.14466,-0.35019,-0.31889,-0.16612,1.58806,-0.25928,-1.2045,-0.48882,0.79855,-0.28558,-0.68067,-0.50059,-0.62817,-0.44868,-0.44116,0
0.16558,-0.36153,0.2074,0.14461,0.25925,-0.10365,0.09445,0.46911,0.51003,-0.42546,-0.00456,0.95082,0.55719,-0.87024,-1.05586,-0.68067,-0.50059,-0.18413,0.82553,0.42568,0
-0.28738,-0.8343,-0.16374,-0.35508,-0.28532,-0.1586,-0.47724,-0.05622,-0.28906,-0.35321,-0.22452,0.95082,-0.48882,-1.20902,-0.68746,-0.68067,-0.50059,-0.08994,-0.13013,0.25539,0
12.75143,-0.8343,-0.16374,1.92126,8.00616,-0.16188,-0.41372,5.32841,4.6284,-0.53835,14.67025,0.51975,3.69521,-1.20902,-1.15419,-0.68067,-0.50059,0.69394,2.31211,1.72616,0
-0.0609,-0.8343,-0.16374,-0.52164,-0.39072,-0.11677,-0.35019,-0.71289,0.07975,1.58806,-0.01088,-1.2045,-0.48882,-1.20902,-0.43172,-0.68067,-0.50059,0.24524,-0.02394,0.97729,0
-0.28738,0.11124,-0.16374,-0.63268,-0.53125,-0.1586,-0.41372,-0.84422,-0.22759,-0.07589,-0.24664,-1.2045,-0.48882,0.72685,-0.48652,1.34152,0.11957,-0.33887,-0.55486,-0.58047,0
0.00381,-0.8343,-0.16374,-0.07747,0.39979,-0.1258,-0.22315,0.46911,-0.10466,-0.35321,0.00935,0.95082,-0.48882,-1.20902,-1.16749,-0.68067,-0.50059,0.1295,-0.02394,0.459,1
-0.35209,-0.36153,-0.16374,-0.29956,-0.54882,-0.16106,-0.41372,-0.05622,-0.412,1.58806,-0.28014,-1.2045,-0.48882,0.93063,0.61867,0.33042,-0.19051,-0.4667,-0.55486,-0.71977,0
-0.19032,1.52955,-0.16374,-0.35508,-0.00425,-0.16188,-0.22315,-0.31889,-0.28906,-0.46414,-0.17522,0.95082,0.03418,1.02887,-0.74487,-0.68067,-0.50059,-0.13607,-0.44868,-0.36153,0
-0.25503,2.00232,-0.16374,-0.24404,0.18899,-0.16024,-0.41372,0.20644,-0.22759,-0.90786,-0.07029,0.95082,0.03418,1.03575,-0.01765,-0.68067,-0.50059,1.05112,-0.23631,0.00463,0
-0.35209,-0.36153,-0.16374,-0.133,-0.51368,-0.16106,-0.41372,0.33777,-0.35053,1.58806,-0.23147,-1.2045,-0.48882,0.93063,0.61867,1.34152,0.11957,0.5694,-0.55486,-0.71977,0
-0.0609,-0.36153,-0.16374,-0.35508,-0.12721,-0.15286,-0.22315,-0.31889,0.14122,-0.53347,-0.15246,0.41199,0.03418,0.37194,-0.1851,0.33042,0.42966,-0.31257,-0.3425,-0.13718,0
-0.22267,-0.36153,-0.16374,-0.4106,-0.23262,-0.15942,-0.41372,-0.18756,-0.22759,-0.45622,-0.16321,0.95082,-0.48882,0.42213,1.00939,0.33042,0.42966,0.06256,0.08224,0.67331,0
-0.35209,-0.8343,-0.16374,-0.57716,-0.63665,-0.16106,-0.35019,-0.84422,-0.35053,1.58806,-0.29784,-1.2045,-0.48882,-1.20902,0.61867,-0.68067,-0.50059,-0.84346,-0.55486,-0.44116,0
-0.25503,-0.8343,-0.16374,-0.52164,-0.26775,-0.16188,-0.41372,-0.58155,-0.28906,-1.11586,-0.14804,0.95082,-0.48882,-1.20902,0.11631,-0.68067,-0.50059,0.39447,-0.02394,0.67331,0
-0.35209,-0.36153,-0.16374,-0.46612,-0.61908,-0.16106,-0.41372,-0.45022,-0.412,1.58806,-0.29531,-1.2045,-0.48882,0.82365,1.12103,-0.68067,-0.50059,-0.78964,-0.55486,-0.71977,0
0.78031,-0.8343,-0.16374,3.14272,1.12002,0.37943,3.5881,0.46911,1.55498,-0.16833,0.6983,0.95082,-0.48882,-1.20902,-1.3994,-0.68067,-0.50059,0.27664,1.14408,1.35103,1
-0.31974,-0.36153,-0.16374,-0.46612,-0.51368,-0.16106,-0.41372,-0.45022,-0.47347,-0.90786,-0.2321,0.95082,-0.48882,0.5476,-0.10696,0.33042,0.11957,0.07153,0.50698,1.23055,0
0.97444,0.58401,-0.16374,0.14461,1.27812,0.46063,-0.09611,0.99444,1.80086,-0.14878,0.32096,0.69218,1.08019,0.91162,-1.40424,2.35262,4.77081,-0.27206,2.63066,0.05127,1
-0.28738,-0.36153,-0.16374,-0.02195,-0.30288,-0.15696,-0.41372,0.60044,-0.412,-0.07589,-0.12276,-1.2045,-0.48882,0.72685,-0.08463,0.33042,-0.19051,0.99999,-0.23631,0.25539,0
-0.09326,-0.8343,0.57855,0.14461,-0.21505,-0.14958,0.15797,0.20644,-0.04319,-0.81542,-0.19608,-1.2045,1.08019,-1.20902,-0.82142,-0.68067,-0.50059,-0.43979,-0.3425,-0.38543,0
-0.35209,-0.36153,-0.16374,-0.02195,-0.28532,-0.16106,-0.41372,0.60044,-0.412,1.58806,-0.18154,-1.2045,-0.48882,0.93063,0.61867,0.33042,0.11957,1.63241,-0.55486,-0.71977,0
-0.35209,-0.36153,-0.16374,-0.133,-0.54882,-0.16106,-0.41372,0.33777,-0.412,-0.07589,-0.24854,-1.2045,-0.48882,0.93063,0.61867,0.33042,-0.19051,0.19264,-0.55486,-0.71977,0
0.16558,1.52955,-0.16374,0.53325,1.62945,-0.0692,0.03093,2.0451,-0.10466,-0.4674,0.23436,0.95082,-0.48882,0.99817,-1.11168,2.35262,1.3599,0.37653,0.18843,-0.10063,0
-0.19032,-0.36153,-0.16374,-0.4106,-0.40828,-0.1545,-0.41372,-0.31889,-0.04319,-0.5381,-0.25865,0.95082,0.03418,-0.18242,-0.45781,0.33042,-0.19051,-0.63586,-0.55486,-0.52079,0
0.39206,1.52955,-0.16374,-0.18852,0.64572,0.04972,-0.22315,0.20644,0.01828,-0.37842,0.03589,0.95082,1.08019,0.97567,-1.27933,0.33042,-0.19051,-0.31169,0.18843,-0.08453,1
-0.31974,-0.36153,-0.16374,0.08909,-0.49612,-0.15942,-0.15963,0.33777,-0.35053,1.58806,-0.25928,-1.2045,-0.48882,0.82365,0.5182,0.33042,-0.19051,-0.30523,-0.55486,-0.62688,0
0.90973,-0.8343,-0.16374,4.08656,1.99835,0.4959,4.2233,2.17643,1.67792,-0.16948,0.75646,-0.39625,0.03418,-1.20902,-1.41229,-0.68067,-0.50059,0.22053,1.0379,0.7413,1
-0.38445,-0.8343,-0.16374,1.31054,-0.65422,-0.16188,1.80951,-0.71289,-0.412,1.58806,-0.29847,-1.2045,-0.48882,-1.20902,2.12574,-0.68067,-0.50059,-0.84346,-0.55486,-0.44116,0
-0.28738,-0.8343,-0.16374,-0.35508,-0.39072,-0.16188,-0.15963,-0.71289,-0.28906,0.08258,-0.15878,0.95082,-0.48882,-1.20902,-0.5535,-0.68067,-0.50059,0.57613,5.71001,10.14633,0
-0.02855,2.00232,-0.16374,-0.29956,0.34709,-0.11923,-0.41372,0.07511,0.14122,-0.55995,-0.1196,0.95082,0.55719,1.01208,-0.77677,-0.68067,-0.50059,-0.24468,-0.3425,-0.25543,0
0.19793,1.05678,-0.16374,0.97742,1.54162,-0.11841,0.60262,1.78243,0.26415,-0.84623,0.19454,0.95082,2.1262,0.98891,-1.04704,0.33042,-0.19051,0.22734,1.67501,0.70263,1
-0.22267,-0.8343,-0.16374,-0.35508,-0.51368,-0.14958,-0.22315,-0.45022,-0.10466,1.58806,-0.27761,-1.2045,-0.48882,-1.20902,0.33958,-0.68067,-0.50059,-0.71787,-0.44868,-0.44116,0
0.13322,1.05678,-0.16374,0.20013,0.61059,-0.09955,-0.15963,1.2571,-0.22759,-0.43988,-0.03869,0.95082,0.55719,0.99548,-0.52198,1.34152,1.04982,-0.23083,0.29461,-0.21169,1
0.06852,2.00232,-0.16374,-0.29956,0.29439,-0.09873,-0.28667,0.07511,-0.22759,-0.26077,-0.07219,0.71134,0.03418,1.00209,-0.75444,-0.68067,-0.50059,-0.24244,-0.3425,-0.40399,0
-0.28738,-0.36153,-0.16374,-0.57716,-0.56638,-0.15696,-0.35019,-0.84422,-0.28906,1.58806,-0.24664,-1.2045,-0.48882,0.69289,0.36749,0.33042,2.91031,-0.31196,-0.3425,-0.30185,0
0.295,-0.8343,-0.16374,0.92189,0.97949,-0.04788,0.15797,1.91377,0.57149,-0.43245,0.24005,0.95082,1.08019,-1.20902,-0.97974,-0.68067,-0.50059,0.16572,0.82553,0.16673,1
-0.25503,0.11124,-0.16374,-0.35508,-0.44342,-0.1586,-0.28667,-0.31889,-0.22759,-0.28388,-0.2675,-0.66567,-0.48882,0.29666,0.11631,0.33042,-0.19051,-0.62279,-0.55486,-0.66405,0
-0.31974,-0.36153,-0.16374,-0.07747,-0.44342,-0.15942,-0.41372,0.46911,-0.412,-0.07589,-0.23463,-1.2045,-0.48882,0.82365,-0.10696,0.33042,-0.19051,0.03565,-0.02394,0.30181,0
0.00381,-0.8343,-0.16374,-0.24404,-0.12721,-0.1504,-0.09611,0.07511,0.20268,-0.63054,0.00745,0.95082,1.08019,-1.20902,-0.96569,-0.68067,-0.50059,0.11708,0.50698,0.84478,1
-0.02855,-0.8343,1.32084,0.86637,-0.35558,-0.11759,1.23783,-0.45022,0.26415,-0.52969,-0.26813,0.95082,-0.48882,-1.20902,-0.63723,-0.68067,-0.50059,-0.76273,-0.55486,-0.48757,1
-0.22267,-0.36153,-0.16374,-0.24404,0.27682,-0.15614,-0.28667,0.07511,-0.28906,-0.49187,-0.08673,0.95082,-0.48882,0.8784,-0.66513,-0.68067,-0.50059,0.61874,0.61316,1.04482,1
-0.38445,-0.8343,-0.16374,0.03357,-0.65422,-0.16188,0.34853,-0.84422,-0.47347,1.58806,0.09088,-1.2045,-0.48882,-1.20902,-1.89312,-0.68067,-0.50059,12.50471,-0.66105,-0.99839,0
-0.31974,-0.36153,-0.16374,-0.46612,-0.51368,-0.16106,-0.41372,-0.45022,-0.47347,-0.90786,-0.25423,0.95082,-0.48882,0.5476,-0.10696,0.33042,0.11957,-0.24244,-0.02394,0.30181,0
-0.38445,0.11124,-0.16374,-0.46612,-0.63665,-0.16188,-0.35019,-0.58155,-0.412,1.58806,-0.29594,-1.2045,-0.48882,1.0495,2.12574,-0.68067,-0.50059,-0.73582,-0.66105,-0.99839,0
-0.28738,-0.8343,-0.16374,-0.52164,-0.58395,-0.16188,-0.35019,-0.71289,-0.28906,-1.55495,-0.23969,0.95082,-0.48882,-1.20902,0.11631,-0.68067,-0.50059,-0.25813,-0.23631,0.3947,0
0.19793,1.52955,-0.16374,0.08909,0.45249,-0.05936,0.34853,0.33777,0.01828,-0.21455,-0.08294,0.95082,0.03418,0.98873,-1.07348,2.35262,1.3599,-0.40013,-0.3425,-0.41185,1
-0.15797,-0.8343,-0.16374,0.14461,-0.10965,-0.16188,0.03093,0.33777,-0.28906,-0.46486,-0.07725,-1.2045,0.03418,-1.20902,-0.38605,-0.68067,-0.50059,0.27337,-0.55486,-0.78943,0
-0.31974,-0.36153,-0.16374,-0.46612,-0.53125,-0.16188,-0.41372,-0.45022,-0.47347,-0.49187,-0.20366,-0.12684,-0.48882,0.5476,-0.10696,0.33042,0.11957,0.4483,1.25027,3.08799,0
-0.25503,1.52955,-0.16374,-0.29956,-0.10965,-0.16024,-0.28667,-0.05622,-0.412,-0.40868,-0.17143,0.95082,0.55719,1.0357,-0.48652,-0.68067,-0.50059,0.18995,-0.55486,-0.5526,0
-0.31974,-0.36153,-0.16374,-0.18852,-0.54882,-0.16106,-0.28667,-0.05622,-0.412,-0.07589,-0.28014,-1.2045,-0.48882,0.93063,0.78612,0.33042,0.11957,-0.62817,-0.55486,-0.81267,0
-0.25503,1.52955,-0.16374,-0.35508,-0.07451,-0.1586,-0.35019,-0.18756,-0.412,-0.96729,-0.14804,0.95082,0.55719,1.03593,0.11631,1.34152,0.73974,0.37833,-0.23631,0.00463,1
-0.35209,2.47509,-0.16374,0.08909,-0.17991,-0.16106,-0.28667,0.99444,-0.35053,1.58806,-0.21504,-1.2045,-0.48882,1.04687,1.12103,1.34152,0.42966,0.91925,0.18843,1.23055,0
-0.22267,-0.8343,-0.16374,-0.57716,0.04845,-0.15122,-0.47724,-0.58155,-0.16612,-0.74147,-0.06397,-1.2045,-0.48882,-1.20902,-0.76784,-0.68067,-0.50059,0.79366,0.50698,0.67331,0
-0.35209,-0.36153,-0.16374,-0.63268,-0.58395,-0.16106,-0.47724,-0.71289,-0.35053,1.58806,-0.29026,-1.2045,-0.48882,0.87576,1.12103,-0.68067,-0.50059,-0.68199,-0.55486,-0.71977,0
-0.31974,1.52955,-0.16374,-0.52164,-0.37315,-0.16106,-0.41372,-0.58155,-0.28906,-0.90786,-0.10506,0.95082,-0.48882,1.04269,2.12574,1.34152,0.73974,1.79388,-0.13013,0.11608,1
-0.12561,-0.8343,0.94969,-0.133,-0.23262,-0.14384,0.09445,-0.18756,-0.10466,-0.7692,-0.22262,0.95082,-0.48882,-1.20902,-1.05586,-0.68067,-0.50059,-0.51753,-0.3425,-0.25543,0
-0.09326,-0.8343,-0.16374,-0.02195,0.13629,-0.14794,0.15797,-0.45022,0.01828,-0.70449,-0.11201,0.95082,-0.48882,-1.20902,-0.48652,-0.68067,-0.50059,-0.08724,0.40079,0.56187,0
-0.19032,-0.36153,-0.16374,-0.46612,-0.30288,-0.16188,-0.41372,-0.45022,-0.47347,-0.83853,-0.10948,0.95082,0.03418,0.00711,-0.5535,0.33042,0.42966,0.2676,1.0379,1.62858,0
-0.22267,-0.8343,-0.16374,-0.52164,-0.47855,-0.1545,-0.41372,-0.45022,-0.16612,-0.92635,-0.21377,0.95082,1.08019,-1.20902,-0.5535,-0.68067,-0.50059,-0.30523,-0.02394,-0.06965,0
-0.22267,-0.36153,-0.16374,0.20013,-0.42585,-0.15942,0.03093,0.20644,-0.16612,-0.63054,-0.24032,0.95082,-0.48882,0.55852,-0.10696,-0.68067,-0.50059,-0.4667,-0.55486,-0.53405,0
-0.25503,-0.36153,-0.16374,-0.4106,-0.28532,-0.16188,-0.41372,-0.31889,-0.47347,-1.53184,-0.1689,0.95082,-0.48882,0.37194,-0.48652,0.33042,0.42966,0.22762,0.50698,1.23055,0
-0.28738,-0.36153,-0.16374,-0.133,-0.28532,-0.16024,-0.35019,0.20644,-0.28906,-0.81542,-0.18976,-0.48606,-0.48882,0.72685,0.11631,0.33042,-0.19051,0.27337,-0.55486,-0.58047,0
-0.15797,-0.36153,-0.16374,-0.18852,-0.30288,-0.16188,-0.35019,0.07511,-0.10466,-1.26442,-0.19608,0.95082,-0.48882,0.36212,-0.26046,0.33042,0.11957,-0.32541,-0.44868,-0.23219,0
-0.28738,-0.8343,-0.16374,-0.57716,-0.54882,-0.16188,-0.41372,-0.71289,-0.28906,-1.37007,-0.25992,0.95082,-0.48882,-1.20902,0.78612,-0.68067,-0.50059,-0.47343,-0.3425,-0.02323,0
-0.22267,-0.8343,-0.16374,-0.46612,-0.56638,-0.14958,-0.22315,-0.71289,-0.10466,1.58806,-0.29531,-1.2045,-0.48882,-1.20902,2.12574,-0.68067,-0.50059,-0.84346,-0.55486,-0.44116,0
-0.38445,0.11124,-0.16374,-0.46612,-0.63665,-0.16188,-0.35019,-0.58155,-0.412,1.58806,-0.29594,-1.2045,-0.48882,1.0495,2.12574,-0.68067,-0.50059,-0.73582,-0.66105,-0.99839,1
-0.12561,-0.8343,0.57855,-0.133,-0.46098,-0.13728,0.15797,-0.58155,-0.04319,-0.49187,-0.27951,0.95082,0.03418,-1.20902,-0.82142,-0.68067,-0.50059,-0.78067,-0.55486,-0.50307,0
-0.25503,-0.36153,-0.16374,0.14461,-0.25018,-0.15368,-0.35019,0.8631,-0.412,0.04297,-0.1986,-1.2045,-0.48882,0.63886,1.00046,-0.68067,-0.50059,-0.05226,-0.55486,-0.5526,0
1.68623,1.05678,-0.16374,2.19887,2.92939,1.19305,1.1743,4.01509,1.18618,-0.17279,0.8835,0.68957,2.1262,0.8479,-1.42941,2.35262,3.2204,-0.1094,0.61316,0.25327,1
-0.25503,1.52955,-0.16374,-0.35508,0.06602,-0.15696,-0.35019,-0.18756,-0.28906,-0.49187,-0.1689,0.95082,0.03418,1.03593,2.12574,1.34152,0.73974,0.21686,-0.44868,-0.44116,0
-0.02855,-0.36153,-0.16374,-0.4106,-0.03938,-0.1422,-0.28667,-0.58155,-0.04319,-0.37842,-0.13919,0.23238,-0.48882,0.12936,-0.30232,0.33042,0.11957,-0.30971,-0.23631,-0.11612,0
1.33034,-0.8343,-0.16374,2.58751,1.76999,0.67388,2.3812,1.91377,2.2926,-0.43232,0.63131,-0.95093,2.1262,-1.20902,-1.35285,-0.68067,-0.50059,-0.14525,2.84303,-0.09032,0
0.39206,1.05678,-0.16374,0.31117,1.48892,-0.06182,0.22149,0.99444,0.20268,-0.37797,0.20466,0.95082,1.08019,0.96943,-1.10721,0.33042,0.73974,-0.0275,0.61316,0.27211,1
-0.31974,1.52955,-0.16374,-0.46612,-0.30288,-0.16106,-0.41372,-0.45022,-0.412,-0.90786,-0.1986,0.95082,0.03418,1.04269,2.12574,0.33042,0.42966,0.50212,-0.55486,-0.62688,1
0.03616,-0.36153,-0.16374,-0.29956,-0.05695,-0.13154,-0.22315,-0.31889,0.20268,-0.4741,-0.10695,0.95082,0.03418,0.65273,-0.99093,-0.68067,-0.50059,-0.30331,0.18843,-0.04312,1
-0.38445,0.11124,-0.16374,-0.18852,-0.63665,-0.16188,-0.03259,-0.58155,-0.412,1.58806,-0.29594,-1.2045,-0.48882,1.0495,2.12574,-0.68067,-0.50059,-0.73582,-0.66105,-0.99839,0
-0.09326,1.05678,7.25915,0.58877,-0.19748,-0.1381,0.8567,-0.58155,0.01828,-0.39943,-0.11896,0.95082,-0.48882,1.01879,0.11631,-0.68067,-0.50059,-0.11416,-0.44868,-0.38543,0
-0.15797,-0.8343,4.66114,0.14461,-0.51368,-0.15204,0.34853,-0.58155,-0.47347,-0.47207,-0.25802,0.95082,0.55719,-1.20902,-0.46977,-0.68067,-0.50059,-0.66181,-0.3425,-0.30185,0
-0.28738,0.58401,-0.16374,-0.57716,-0.25018,-0.16188,-0.41372,-0.71289,-0.28906,-1.0003,-0.17585,0.95082,-0.48882,1.03906,-0.38605,0.33042,0.42966,0.4012,-0.44868,-0.30185,0
-0.0609,-0.36153,-0.16374,0.03357,1.15515,-0.15286,-0.35019,0.8631,-0.28906,-0.21851,0.62372,-0.48606,1.08019,-0.45618,-0.94321,-0.68067,-0.50059,2.65016,1.35645,2.04105,0
0.48912,-0.8343,-0.16374,0.69981,1.15515,0.09401,-0.03259,1.91377,0.87883,-0.28388,0.15662,0.95082,0.55719,-1.20902,-1.43305,-0.68067,-0.50059,-0.18509,0.18843,0.25539,1
-0.28738,-0.8343,-0.16374,-0.46612,-0.60152,-0.15696,-0.22315,-0.71289,-0.22759,1.58806,-0.29658,-1.2045,-0.48882,-1.20902,1.79084,-0.68067,-0.50059,-0.84346,-0.55486,-0.44116,0
-0.31974,1.52955,-0.16374,-0.52164,-0.39072,-0.15942,-0.41372,-0.58155,-0.28906,1.58806,-0.2675,-1.2045,-0.48882,1.04269,2.12574,1.34152,0.73974,-0.42185,-0.55486,-0.62688,0
-0.31974,1.52955,-0.16374,-0.35508,-0.35558,-0.15942,-0.15963,-0.58155,-0.412,1.58806,-0.25676,-1.2045,-0.48882,1.04358,-0.10696,-0.68067,-0.50059,-0.26935,-0.44868,-0.44116,0
-0.28738,-0.8343,1.69198,-0.18852,-0.58395,-0.15696,0.09445,-0.84422,-0.22759,1.58806,-0.29215,-1.2045,-0.48882,-1.20902,1.12103,-0.68067,-0.50059,-0.79637,-0.55486,-0.58047,0
-0.38445,-0.8343,-0.16374,-0.57716,-0.65422,-0.16188,-0.35019,-0.84422,-0.47347,1.58806,-0.18154,-1.2045,-0.48882,-1.20902,-1.89312,-0.68067,-0.50059,3.13946,-0.66105,-0.99839,0
0.65089,-0.8343,-0.16374,1.31054,1.45379,0.02512,0.15797,2.96443,1.37058,-0.66347,0.66164,0.95082,0.55719,-1.20902,-1.34509,-0.68067,-0.50059,0.36104,2.20593,1.11236,1
1.20092,-0.8343,-0.16374,-0.4106,0.48762,-0.15942,-0.41372,-0.31889,-0.10466,-0.48904,3.7057,-0.84528,0.03418,-1.20902,0.11631,-0.68067,-0.50059,2.52695,8.25843,2.74623,0
-0.28738,-0.8343,-0.16374,-0.57716,-0.54882,-0.16188,-0.41372,-0.71289,-0.28906,-1.73984,-0.26181,0.95082,-0.48882,-1.20902,0.78612,-0.68067,-0.50059,-0.48688,-0.3425,-0.02323,0
-0.28738,-0.8343,-0.16374,-0.07747,-0.58395,-0.16188,0.22149,-0.84422,-0.22759,-0.63054,-0.28141,0.95082,-0.48882,-1.20902,0.11631,-0.68067,-0.50059,-0.70218,-0.55486,-0.58047,1
-0.19032,-0.8343,-0.16374,-0.29956,-0.49612,-0.16188,-0.03259,-0.71289,-0.35053,-0.69987,-0.25865,0.95082,0.03418,-1.20902,-0.17075,-0.68067,-0.50059,-0.6397,-0.44868,-0.36153,0
1.10386,-0.36153,0.2074,1.42158,1.24299,0.67388,0.5391,2.4391,1.12471,-0.16771,1.31457,-0.20974,0.55719,-0.87264,-0.96849,0.33042,0.11957,0.584,0.50698,-0.01431,0
-0.38445,0.11124,-0.16374,-0.52164,-0.63665,-0.16188,-0.41372,-0.58155,-0.412,1.58806,-0.29594,-1.2045,-0.48882,1.0495,2.12574,-0.68067,-0.50059,-0.73582,-0.66105,-0.99839,0
-0.22267,-0.36153,-0.16374,-0.46612,-0.28532,-0.15942,-0.41372,-0.45022,-0.47347,0.02811,-0.11707,-1.2045,-0.48882,0.22822,-0.74487,0.33042,0.11957,0.34962,1.99356,1.88068,0
-0.25503,0.11124,-0.16374,-0.46612,-0.35558,-0.15532,-0.47724,-0.31889,-0.16612,-1.11586,-0.18976,0.95082,0.55719,0.63886,-0.41954,1.34152,0.42966,0.02848,0.08224,0.45042,0
-0.02855,-0.36153,-0.16374,-0.29956,-0.03938,-0.13236,-0.41372,0.07511,0.01828,-0.29292,0.01188,0.95082,1.6032,0.01434,-0.60932,0.33042,0.42966,0.18142,0.71935,0.99835,0
-0.38445,0.11124,-0.16374,-0.4106,-0.63665,-0.16188,-0.28667,-0.58155,-0.412,1.58806,-0.29594,-1.2045,-0.48882,1.0495,2.12574,-0.68067,-0.50059,-0.73582,-0.66105,-0.99839,0
0.45677,-0.8343,-0.16374,-0.52164,0.03089,-0.14138,-0.28667,-0.84422,0.81737,-0.85892,0.50868,0.3169,-0.48882,-1.20902,-0.70235,-0.68067,-0.50059,0.3865,0.08224,-0.13156,0
-0.28738,-0.36153,-0.16374,-0.46612,-0.53125,-0.1586,-0.41372,-0.45022,-0.47347,-0.63054,-0.26434,0.95082,-0.48882,0.37194,-0.38605,0.33042,0.11957,-0.51379,-0.02394,0.11608,0
1.33034,-0.8343,0.2074,1.92126,1.75242,0.87072,1.87303,1.51977,1.86233,-0.17755,0.77163,0.54028,1.6032,-1.20902,-1.44708,-0.68067,-0.50059,-0.03661,-0.02394,-0.09032,0
0.48912,1.52955,-0.16374,0.36669,0.89165,0.00707,0.5391,-0.05622,0.44856,-0.45446,0.08899,0.95082,0.03418,0.98307,-1.01143,2.35262,1.66998,-0.28697,0.61316,0.25539,1
-0.22267,-0.8343,-0.16374,-0.46612,-0.53125,-0.16188,-0.22315,-0.84422,-0.10466,-0.90786,-0.25739,0.95082,-0.48882,-1.20902,1.12103,-0.68067,-0.50059,-0.58332,-0.44868,-0.44116,0
-0.12561,-0.8343,-0.16374,-0.4106,-0.32045,-0.16188,-0.28667,-0.58155,0.07975,-0.90786,-0.22894,0.95082,-0.48882,-1.20902,-0.85119,-0.68067,-0.50059,-0.54444,-0.3425,-0.13156,0
-0.02855,-0.8343,-0.16374,-0.52164,-0.23262,-0.16188,-0.35019,-0.71289,-0.47347,-1.01375,-0.1651,0.95082,-0.48882,-1.20902,-0.30232,-0.68067,-0.50059,-0.40615,-0.3425,-0.25543,0
0.42441,-0.8343,-0.16374,-0.133,-0.00425,0.09319,-0.03259,-0.45022,0.9403,-0.28665,-0.18723,0.95082,0.03418,-1.20902,-1.2501,-0.68067,-0.50059,-0.69338,-0.3425,-0.334,0
-0.35209,-0.8343,-0.16374,-0.57716,-0.61908,-0.16106,-0.35019,-0.84422,-0.47347,-0.07589,-0.28899,-1.2045,-0.48882,-1.20902,1.12103,-0.68067,-0.50059,-0.68199,-0.66105,-0.99839,0
-0.28738,-0.8343,-0.16374,-0.4106,-0.60152,-0.15696,-0.15963,-0.84422,-0.22759,1.58806,-0.29658,-1.2045,-0.48882,-1.20902,2.12574,-0.68067,-0.50059,-0.84346,-0.55486,-0.44116,0
-0.25503,-0.36153,-0.16374,-0.4106,-0.46098,-0.16188,-0.35019,-0.45022,-0.47347,-1.11586,-0.21883,0.95082,-0.48882,0.22822,-0.68746,0.33042,0.11957,-0.19758,-0.23631,-0.10682,0
-0.25503,2.00232,-0.16374,-0.35508,0.01332,-0.15696,-0.28667,-0.31889,-0.28906,-0.49187,-0.16384,0.95082,-0.48882,1.03575,-0.68746,2.35262,1.3599,0.27068,-0.55486,-0.5526,0
-0.25503,0.11124,-0.16374,-0.46612,-0.35558,-0.15532,-0.47724,-0.31889,-0.16612,-1.11586,-0.18976,0.95082,0.55719,0.63886,-0.41954,1.34152,0.42966,0.02848,0.08224,0.45042,0
-0.0609,-0.36153,-0.16374,-0.57716,-0.25018,-0.13318,-0.41372,-0.71289,-0.04319,-0.29775,-0.19608,0.23238,-0.48882,0.23643,-0.67528,1.34152,0.42966,-0.47893,-0.23631,-0.18789,0
-0.22267,1.52955,-0.16374,-0.35508,-0.03938,-0.15942,-0.28667,-0.31889,-0.28906,-0.8524,-0.17079,0.95082,0.03418,1.03819,-0.60708,1.34152,2.91031,0.01323,0.18843,0.30181,0
-0.35209,-0.8343,-0.16374,-0.46612,-0.63665,-0.16106,-0.28667,-0.58155,-0.35053,1.58806,-0.29784,-1.2045,-0.48882,-1.20902,2.12574,-0.68067,-0.50059,-0.84346,-0.55486,-0.44116,0
1.03915,-0.8343,-0.16374,1.58814,0.68085,0.57464,1.80951,-0.18756,1.24764,-0.41624,0.63194,-0.12684,0.55719,-1.20902,-1.55822,-0.68067,-0.50059,0.00814,0.61316,-0.04491,0
0.78031,-0.8343,-0.16374,0.64429,1.29569,0.38435,0.28501,1.12577,0.38709,1.58806,0.70147,-1.2045,-0.48882,-1.20902,-1.27483,-0.68067,-0.50059,0.28101,2.31211,0.71851,0
-0.09326,-0.8343,-0.16374,-0.57716,-0.39072,-0.16188,-0.35019,-0.84422,0.01828,-1.37007,-0.05386,0.95082,-0.48882,-1.20902,-0.12482,-0.68067,-0.50059,0.16303,-0.02394,0.28325,0
-0.38445,-0.8343,-0.16374,-0.63268,-0.63665,-0.16188,-0.41372,-0.84422,-0.47347,1.58806,-0.29531,-1.2045,-0.48882,-1.20902,2.12574,-0.68067,-0.50059,-0.76273,-0.66105,-0.99839,0
0.295,-0.8343,-0.16374,0.08909,0.24169,-0.07412,0.34853,-0.18756,0.07975,-0.29874,0.11048,0.5467,2.1262,-1.20902,-1.22331,-0.68067,-0.50059,-0.09728,0.61316,0.64796,0
-0.35209,-0.8343,-0.16374,-0.52164,-0.63665,-0.16106,-0.28667,-0.84422,-0.35053,1.58806,-0.29721,-1.2045,-0.48882,-1.20902,2.12574,-0.68067,-0.50059,-0.84346,-0.55486,-0.44116,0
0.13322,2.00232,-0.16374,-0.4106,0.66329,-0.08151,-0.28667,-0.31889,-0.22759,-0.28388,0.09847,0.95082,-0.48882,0.99878,-1.13958,0.33042,0.42966,0.10794,-0.13013,-0.3428,0
-0.31974,-0.36153,-0.16374,-0.07747,-0.40828,-0.16106,-0.35019,0.46911,-0.35053,-0.28388,-0.21567,-1.2045,0.55719,0.82365,0.33958,0.33042,0.42966,0.27786,-0.55486,-0.62688,0
-0.31974,1.52955,6.14572,0.42221,-0.44342,-0.15942,0.79318,-0.45022,-0.28906,-0.07589,-0.27193,0.95082,0.03418,1.04258,0.11631,-0.68067,-0.50059,-0.49361,-0.55486,-0.62688,0
0.03616,-0.8343,2.43427,-0.18852,-0.39072,-0.08725,-0.03259,-0.58155,0.38709,1.58806,-0.27509,-1.2045,-0.48882,-1.20902,-0.22816,-0.68067,-0.50059,-0.79733,-0.55486,-0.48094,0
-0.25503,0.11124,-0.16374,-0.24404,-0.44342,-0.1586,-0.22315,-0.31889,-0.22759,-0.35321,-0.2694,-0.48606,-0.48882,0.29666,0.11631,0.33042,-0.19051,-0.63355,-0.55486,-0.66405,0
-0.15797,2.00232,-0.16374,-0.35508,0.34709,-0.14548,-0.35019,-0.05622,-0.28906,-0.40868,-0.11391,0.95082,-0.48882,1.02554,-0.38605,2.35262,1.3599,0.09845,-0.13013,-0.23219,0
-0.0609,-0.8343,-0.16374,0.31117,-0.25018,-0.15286,0.60262,-0.71289,0.07975,-0.11286,-0.19165,0.95082,-0.48882,-1.20902,-1.49123,-0.68067,-0.50059,-0.47649,-0.3425,-0.03588,0
-0.25503,-0.36153,-0.16374,-0.07747,-0.09208,-0.15696,-0.41372,0.46911,-0.412,-0.69987,-0.17016,-1.2045,-0.48882,0.63886,-0.15161,0.33042,-0.19051,0.21686,-0.55486,-0.5526,0
-0.35209,-0.36153,-0.16374,-0.18852,-0.54882,-0.16106,-0.41372,0.20644,-0.412,-0.07589,-0.28141,-1.2045,-0.48882,0.93063,0.61867,0.33042,-0.19051,-0.50707,-0.55486,-0.71977,0
0.48912,1.05678,-0.16374,0.81085,0.69842,0.02676,0.60262,1.38843,0.7559,-0.19914,0.14145,0.18106,2.1262,0.96301,-1.06383,-0.68067,-0.50059,-0.21392,0.50698,0.23549,1
-0.35209,-0.36153,-0.16374,-0.133,-0.56638,-0.16106,-0.15963,-0.18756,-0.412,1.58806,-0.28014,-1.2045,-0.48882,0.93063,0.61867,-0.68067,-0.50059,-0.4667,-0.55486,-0.71977,0
-0.25503,-0.8343,-0.16374,-0.07747,-0.19748,-0.16188,-0.22315,0.20644,-0.47347,-0.90786,-0.19924,-1.2045,-0.48882,-1.20902,-0.01765,-0.68067,-0.50059,-0.03611,-0.13013,0.00463,1
-0.15797,1.05678,-0.16374,-0.4106,-0.12721,-0.16188,-0.22315,-0.71289,0.01828,-0.78901,-0.0349,0.95082,-0.48882,1.02554,0.61867,-0.68067,-0.50059,0.52567,0.61316,0.67331,0
-0.31974,1.52955,-0.16374,-0.46612,-0.44342,-0.16106,-0.35019,-0.45022,-0.35053,-0.90786,-0.26497,0.95082,0.03418,1.04358,-0.28558,0.33042,-0.19051,-0.39493,-0.55486,-0.62688,0
-0.02855,1.52955,-0.16374,-0.133,0.47005,-0.134,-0.28667,0.33777,-0.412,-0.43515,-0.01594,0.95082,-0.48882,1.01258,0.11631,2.35262,1.04982,0.11639,0.18843,0.1625,1
-0.35209,0.11124,-0.16374,-0.29956,-0.60152,-0.16106,-0.03259,-0.84422,-0.35053,1.58806,-0.29342,-1.2045,-0.48882,1.0495,1.12103,-0.68067,-0.50059,-0.74927,-0.66105,-0.99839,0
-0.0609,-0.36153,-0.16374,-0.35508,-0.17991,-0.13646,-0.41372,-0.18756,-0.04319,-0.40868,-0.15878,0.95082,0.03418,0.06753,-0.5535,0.33042,0.42966,-0.34682,0.18843,0.26804,0
-0.35209,2.47509,-0.16374,-0.24404,-0.25018,-0.16106,-0.35019,0.20644,-0.35053,1.58806,-0.21946,-1.2045,-0.48882,1.04687,1.12103,2.35262,0.73974,0.82506,0.29461,1.50917,0
0.00381,2.00232,-0.16374,0.25565,0.83895,-0.12251,-0.15963,1.38843,-0.04319,-0.29379,0.03589,0.95082,0.03418,1.00874,-0.92153,3.36371,1.66998,0.2123,0.40079,0.15893,1
-0.35209,-0.36153,-0.16374,-0.29956,-0.56638,-0.16106,-0.41372,-0.05622,-0.412,1.58806,-0.28141,-1.2045,-0.48882,0.93063,0.61867,0.33042,-0.19051,-0.49361,-0.55486,-0.71977,0
-0.28738,1.05678,-0.16374,-0.4106,-0.21505,-0.16188,-0.35019,-0.18756,-0.412,-0.63054,-0.22831,0.95082,-0.48882,1.03917,-0.21859,-0.68067,-0.50059,-0.13703,-0.55486,-0.58047,1
-0.38445,-0.8343,-0.16374,-0.63268,-0.63665,-0.16188,-0.41372,-0.84422,-0.47347,1.58806,-0.29531,-1.2045,-0.48882,-1.20902,2.12574,-0.68067,-0.50059,-0.76273,-0.66105,-0.99839,0
0.26264,-0.36153,-0.16374,-0.02195,0.97949,0.01035,-0.15963,0.33777,0.7559,-0.07589,0.18127,-0.12684,-0.48882,-0.05222,-0.36213,0.33042,0.42966,0.10101,1.0379,0.88562,0
-0.25503,1.52955,-0.16374,-0.46612,-0.05695,-0.16188,-0.35019,-0.45022,-0.28906,-0.5513,-0.04375,0.95082,-0.48882,1.03593,0.11631,2.35262,1.04982,1.22873,-0.13013,0.00463,0
0.03616,2.00232,-0.16374,0.03357,0.69842,-0.11677,-0.35019,0.73177,-0.22759,-0.42788,0.11806,0.95082,-0.48882,1.00541,-1.03194,-0.68067,-0.50059,0.37525,-0.02394,-0.00334,0
0.19793,-0.8343,12.82633,2.08783,-0.12721,-0.04132,2.44472,0.07511,0.69443,-0.26077,-0.14804,-0.12684,1.6032,-1.20902,-0.95639,-0.68067,-0.50059,-0.54035,-0.23631,-0.14788,0
-0.38445,0.11124,-0.16374,-0.52164,-0.63665,-0.16188,-0.41372,-0.58155,-0.412,1.58806,-0.29594,-1.2045,-0.48882,1.0495,2.12574,-0.68067,-0.50059,-0.73582,-0.66105,-0.99839,0
-0.35209,-0.36153,-0.16374,-0.133,-0.51368,-0.16106,-0.35019,0.20644,-0.412,1.58806,-0.27382,-1.2045,-0.48882,0.93063,0.5182,0.33042,0.11957,-0.3456,-0.55486,-0.71977,0
-0.35209,-0.8343,-0.16374,-0.4106,-0.63665,-0.16106,-0.15963,-0.71289,-0.35053,1.58806,-0.29784,-1.2045,-0.48882,-1.20902,2.12574,-0.68067,-0.50059,-0.84346,-0.55486,-0.44116,0
0.23029,-0.8343,-0.16374,-0.07747,-0.14478,-0.03722,-0.03259,-0.31889,0.7559,-0.18367,-0.1651,0.95082,2.1262,-1.20902,-1.2702,-0.68067,-0.50059,-0.6026,-0.3425,-0.32971,1
-0.25503,1.52955,-0.16374,-0.133,-0.09208,-0.1586,-0.15963,0.07511,-0.35053,-0.63054,-0.20935,0.95082,0.55719,1.03558,0.11631,0.33042,-0.19051,-0.12223,-0.55486,-0.5526,0
-0.19032,1.52955,-0.16374,-0.29956,-0.10965,-0.15286,-0.22315,-0.05622,-0.47347,-0.44565,-0.21251,0.95082,1.08019,1.02887,-0.74487,-0.68067,-0.50059,-0.35521,-0.55486,-0.52079,0
-0.0609,-0.8343,-0.16374,-0.57716,-0.42585,-0.12169,-0.35019,-0.71289,0.20268,-0.40868,-0.2675,0.95082,0.03418,-1.20902,-0.06636,-0.68067,-0.50059,-0.75294,-0.55486,-0.49181,0
-0.22267,0.11124,-0.16374,-0.02195,-0.42585,-0.15778,0.09445,-0.18756,-0.16612,-0.17828,-0.24411,-0.87291,0.03418,0.14609,-0.28558,0.33042,-0.19051,-0.53846,-0.55486,-0.62688,0
-0.25503,-0.8343,-0.16374,-0.24404,-0.58395,-0.15368,0.03093,-0.71289,-0.16612,1.58806,-0.29594,-1.2045,-0.48882,-1.20902,0.5182,-0.68067,-0.50059,-0.84346,-0.55486,-0.44116,0
-0.35209,-0.8343,-0.16374,-0.57716,-0.63665,-0.16106,-0.35019,-0.71289,-0.35053,1.58806,-0.29784,-1.2045,-0.48882,-1.20902,1.12103,-0.68067,-0.50059,-0.84346,-0.55486,-0.44116,0
-0.25503,-0.8343,-0.16374,-0.18852,-0.42585,-0.16188,0.03093,-0.58155,-0.47347,-1.73984,-0.24727,0.95082,-0.48882,-1.20902,-0.01765,-0.68067,-0.50059,-0.43441,-0.23631,0.11608,1
-0.22267,0.11124,-0.16374,-0.57716,-0.32045,-0.14958,-0.35019,-0.84422,-0.22759,0.12379,-0.18344,-1.2045,-0.48882,0.71072,0.11631,0.33042,-0.19051,-0.072,0.82553,0.58042,0
-0.0609,-0.8343,-0.16374,1.4771,-0.23262,-0.16188,1.93655,-0.58155,0.20268,-1.73984,-0.21377,0.95082,-0.48882,-1.20902,0.05542,-0.68067,-0.50059,-0.54254,-0.44868,-0.33985,0
0.03616,1.05678,-0.16374,0.36669,0.50519,-0.11677,0.15797,1.2571,0.01828,-0.37454,-0.07093,0.5916,0.03418,1.00541,-0.8597,2.35262,3.2204,-0.18797,0.40079,0.03645,1
-0.22267,-0.36153,-0.16374,0.20013,0.13629,-0.14958,-0.28667,0.8631,-0.10466,1.58806,-0.12276,-1.2045,-0.48882,0.55852,-0.97213,0.33042,-0.19051,0.38102,-0.55486,-0.53405,0
