$LOC_BLANK,$BRANCH_COUNT,$CALL_PAIRS,$LOC_CODE_AND_COMMENT,$LOC_COMMENTS,$CONDITION_COUNT,$CYCLOMATIC_COMPLEXITY,$CYCLOMATIC_DENSITY,$DECISION_COUNT,$DECISION_DENSITY,$DESIGN_COMPLEXITY,$DESIGN_DENSITY,$EDGE_COUNT,$ESSENTIAL_COMPLEXITY,$ESSENTIAL_DENSITY,$LOC_EXECUTABLE,$PARAMETER_COUNT,$HALSTEAD_CONTENT,$HALSTEAD_DIFFICULTY,$HALSTEAD_EFFORT,$HALSTEAD_ERROR_EST,$HALSTEAD_LENGTH,$HALSTEAD_LEVEL,$HALSTEAD_PROG_TIME,$HALSTEAD_VOLUME,$MAINTENANCE_SEVERITY,$MODIFIED_CONDITION_COUNT,$MULTIPLE_CONDITION_COUNT,$NODE_COUNT,$NORMALIZED_CYLOMATIC_COMPLEXITY,$NUM_OPERANDS,$NUM_OPERATORS,$NUM_UNIQUE_OPERANDS,$NUM_UNIQUE_OPERATORS,$NUMBER_OF_LINES,$PERCENT_COMMENTS,$LOC_TOTAL,<$Defective
-0.23853,-0.36428,1.52718,-0.1461,0.26439,-0.46589,-0.39071,-0.71764,-0.40273,-0.27237,-0.12045,0.79752,-0.01715,-0.46819,-0.28495,-0.08006,1.06565,0.95082,-0.77572,-0.4377,-0.25758,-0.25486,0.67576,-0.4377,-0.28052,-0.71867,-0.48718,-0.45755,0.09522,-0.66319,-0.25286,-0.25371,0.12521,-0.69383,-0.05563,0.39782,-0.09349,0
-0.23853,1.19028,-0.53901,0.40559,-0.54542,0.68407,0.9634,0.49625,-0.40273,3.51903,-0.60416,-2.46779,0.25693,2.36712,-0.28495,0.47554,0.12296,0.04289,0.79409,0.30473,0.52444,0.63668,-0.94734,0.30472,0.52264,1.91761,1.43121,0.62686,0.03731,0.85789,0.73939,0.5489,0.35813,0.3784,0.18293,-0.61547,0.51301,0
-0.74424,-0.58636,-1.15886,-0.1461,-0.2215,-0.46589,-0.58416,0.75637,-0.40273,-0.27237,-0.84601,-1.87048,-0.74804,-0.46819,-0.28495,-0.8882,-0.81973,-1.158,-0.58563,-0.532,-0.83106,-0.91484,0.13472,-0.532,-0.85837,-0.39912,-0.48718,-0.45755,-0.77346,0.27286,-0.95789,-0.8711,-1.15588,-0.69383,-0.80538,1.03264,-0.90216,0
-0.57567,-0.58636,-0.53901,-0.1461,1.56009,-0.46589,-0.58416,-0.45752,-0.40273,-0.27237,-0.60416,-0.51657,-0.611,-0.46819,-0.28495,-0.53463,1.06565,-0.94262,0.06805,-0.40043,-0.57039,-0.59064,-0.54157,-0.40043,-0.59211,-0.39912,-0.48718,-0.45755,-0.59972,-0.8972,-0.64454,-0.54182,-0.80649,0.07205,-0.15787,2.29086,-0.54837,1
-0.57567,-0.58636,-0.74562,-0.1461,-0.05954,-0.46589,-0.58416,1.62343,-0.40273,-0.27237,-0.60416,-0.51657,-0.611,-0.46819,-0.28495,-0.98921,-0.81973,-1.14595,-0.04846,-0.46748,-0.7268,-0.75274,-0.54157,-0.46748,-0.74443,-0.39912,-0.48718,-0.45755,-0.59972,0.27286,-0.72288,-0.7682,-1.03941,-0.54066,-0.80538,1.811,-1.00324,0
0.77289,0.63508,-0.74562,-0.1461,-0.38346,0.68407,0.57651,0.14942,0.92917,-0.27237,-0.3623,-1.87048,0.34829,-0.46819,-0.28495,0.42503,-0.81973,-1.04039,2.90965,0.59988,0.05523,0.18512,-1.21786,0.59989,0.04691,-1.27788,0.47201,0.62686,0.26896,0.15585,0.19104,0.17847,-0.6318,0.9911,0.35332,-0.60118,0.41192,0
-0.57567,-0.80844,-0.33239,-0.1461,-0.38346,-0.75338,-0.7776,-0.80435,-0.7357,-0.27237,-0.60416,0.79752,-0.79372,-0.46819,-0.28495,-0.68616,1.06565,-0.74176,-0.63714,-0.50576,-0.7268,-0.75274,0.26998,-0.50576,-0.72378,0.27992,-0.72698,-0.72866,-0.77346,-0.78019,-0.7751,-0.72704,-0.80649,-0.54066,-0.66906,0.17431,-0.69999,0
0.60432,-0.36428,0.28747,-0.1461,1.39812,-0.1784,-0.39071,-0.80435,-0.06975,-0.27237,-0.60416,-1.19352,-0.15419,0.16188,-0.28495,-0.02955,-0.81973,-0.09066,-0.27657,-0.34214,-0.25758,-0.24329,-0.27105,-0.34214,-0.27145,1.27851,-0.24738,-0.18645,-0.07851,-1.01421,-0.25286,-0.23313,-0.10772,-0.08113,0.3874,1.3347,-0.04295,0
0.60432,0.9682,0.49409,-0.1461,1.23616,0.97156,0.76996,-0.02399,0.92917,0.04042,0.60511,-0.39711,0.75942,1.42201,-0.28495,0.77859,1.06565,-0.05665,1.08352,0.47428,0.62871,0.64826,-0.94734,0.47428,0.61627,1.07879,0.95161,0.89796,0.73226,-0.19516,0.63494,0.6518,0.64929,1.29745,0.8986,0.5235,0.76572,0
0.43575,-0.58636,0.28747,-0.1461,0.10243,-0.46589,-0.58416,-0.54423,-0.40273,-0.27237,-0.3623,0.79752,-0.47396,-0.46819,-0.28495,-0.48413,1.06565,-0.30746,-0.3845,-0.40749,-0.41399,-0.42854,-0.13579,-0.40749,-0.4363,-0.39912,-0.48718,-0.45755,-0.42599,-0.8972,-0.38342,-0.4595,-0.28241,-0.2343,-0.22603,0.69845,-0.49783,0
-0.23853,-0.58636,-0.53901,-0.1461,0.10243,-0.46589,-0.58416,-0.45752,-0.40273,-0.27237,-0.3623,0.79752,-0.611,-0.46819,-0.28495,-0.53463,1.06565,-0.32659,-0.83091,-0.51407,-0.67466,-0.68327,0.81102,-0.51407,-0.68272,-0.39912,-0.48718,-0.45755,-0.59972,-0.66319,-0.64454,-0.70646,-0.69003,-1.00018,-0.39643,0.78271,-0.54837,0
1.44718,2.30069,0.90733,-0.1461,0.91224,2.55276,1.93063,0.23613,2.26107,0.20156,1.33068,-0.67585,1.99279,3.31222,-0.28495,1.63724,-0.81973,0.88528,0.68126,0.61444,1.20219,1.15771,-0.81209,0.61444,1.18378,1.51817,2.6302,2.38903,1.94842,0.27286,1.13107,1.16629,1.58099,1.14428,1.58019,-0.04277,1.62493,1
0.94146,1.41236,1.7338,-0.1461,0.91224,1.69028,1.15685,0.23613,1.59512,0.08782,1.08882,-0.198,1.44462,1.10698,-0.28495,0.93012,-0.81973,1.58031,0.04597,0.18865,0.99365,0.9493,-0.54157,0.18865,0.96976,0.27992,1.67101,1.57572,1.48512,0.03885,1.05274,0.85759,1.69745,0.3784,1.00084,0.23787,0.91734,1
1.44718,0.07988,0.90733,-0.1461,1.23616,0.10909,-0.00382,-0.89105,-0.06975,0.36269,0.12141,0.12056,1.07918,0.47691,-0.28495,0.87961,-0.81973,0.72339,0.51201,0.37329,0.88938,0.99561,-0.81209,0.37329,0.88066,0.95896,0.23222,0.08465,1.36929,-1.01421,1.23552,0.79585,0.82398,0.07205,1.13715,0.46423,0.8668,0
-0.74424,-0.80844,-0.33239,-0.1461,-0.86935,-0.75338,-0.7776,-0.37082,-0.7357,-0.27237,-0.60416,0.79752,-0.74804,-0.46819,-0.28495,-0.83769,0.12296,-0.79313,-0.16006,-0.42059,-0.57039,-0.59064,-0.40631,-0.42058,-0.57701,0.27992,-0.72698,-0.72866,-0.71555,-0.19516,-0.51398,-0.64472,-0.57356,-0.08113,-0.90762,-1.1646,-0.85162,0
0.43575,1.41236,-0.95224,-0.1461,1.23616,2.12152,1.15685,0.06272,2.59405,-0.27237,-0.60416,-2.50761,0.94214,-0.46819,-0.28495,1.08165,-0.81973,-0.582,4.3237,2.99354,1.46286,1.62085,-1.35312,2.99354,1.4655,-1.39771,1.67101,1.98237,0.84808,0.03885,1.8361,1.43382,0.35813,1.91016,1.069,0.35712,1.06897,0
-0.91281,-0.80844,-1.15886,-0.1461,-0.70738,-0.75338,-0.7776,-0.1974,-0.7357,-0.27237,-0.84601,-1.19352,-0.93076,-0.46819,-0.28495,-0.8882,-0.81973,-1.1541,-1.04553,-0.56282,-0.93533,-1.0422,2.02834,-0.56282,-0.94944,0.27992,-0.72698,-0.72866,-0.9472,0.03885,-1.08845,-0.99457,-1.27234,-1.15336,-0.9417,-0.45051,-0.90216,0
-0.74424,-0.36428,-0.12577,-0.1461,-0.70738,-0.46589,-0.39071,1.71014,-0.7357,1.62333,-0.60416,-1.19352,-0.47396,0.47691,3.50939,-0.8882,-0.81973,-0.67233,-0.67516,-0.50693,-0.7268,-0.75274,0.40524,-0.50694,-0.71484,2.2771,-0.24738,-0.45755,-0.4839,1.67693,-0.80122,-0.70646,-0.74826,-0.38748,-0.90762,-0.45051,-0.90216,0
-0.23853,-0.03116,0.08085,-0.1461,-0.86935,-0.46589,0.18962,-0.1974,-0.40273,-0.27237,0.60511,0.79752,-0.15419,-0.46819,-0.28495,0.27351,-0.81973,-0.36237,0.49361,-0.06815,0.00309,-0.00014,-0.81209,-0.06815,-0.00635,-1.15805,-0.48718,-0.45755,-0.25225,0.15585,-0.17453,0.13731,0.06698,1.29745,-0.05563,-1.1646,0.2603,0
-0.74424,-0.80844,-0.74562,-0.1461,-0.70738,-0.75338,-0.7776,-0.1974,-0.7357,-0.27237,-0.60416,0.79752,-0.8394,-0.46819,-0.28495,-0.8882,-0.81973,-0.56358,-0.89714,-0.53371,-0.77893,-0.81063,1.08153,-0.53371,-0.77582,0.27992,-0.72698,-0.72866,-0.83137,-0.19516,-0.7751,-0.82994,-0.80649,-1.00018,-0.90762,-0.45051,-0.90216,0
-0.91281,-0.80844,-0.74562,8.68089,-0.86935,-0.75338,-0.7776,-1.41129,-0.7357,-0.27237,-0.60416,0.79752,-0.24556,-0.46819,-0.28495,-0.8882,-0.81973,1.73015,-0.77204,-0.39496,-0.04904,0.0346,0.67576,-0.39496,-0.04661,0.27992,-0.72698,-0.72866,-0.07851,-1.13121,0.16493,-0.06849,0.2999,-1.00018,-0.43051,3.40555,-0.09349,0
0.77289,0.9682,-0.74562,-0.1461,-0.86935,0.68407,0.9634,-0.1974,0.5962,0.10677,0.36326,-0.99442,0.39397,1.73705,-0.28495,1.13216,-0.81973,-0.33651,2.44974,1.44442,1.04579,1.09982,-1.21786,1.44442,1.04855,1.19862,0.71181,0.62686,0.21105,0.15585,1.02662,1.14571,0.59106,2.06333,0.7282,-1.1646,1.11951,0
-0.23853,-0.36428,-1.15886,-0.1461,0.26439,-0.32215,-0.39071,0.40954,-0.40273,0.20156,-0.84601,-2.18905,-0.65668,0.16188,-0.28495,-0.63565,0.12296,-0.93659,-0.18459,-0.45054,-0.67466,-0.69485,-0.40631,-0.45054,-0.66135,1.27851,-0.24738,-0.322,-0.71555,-0.19516,-0.69677,-0.68588,-0.74826,0.07205,-0.43051,1.21545,-0.64945,0
-0.57567,-0.36428,-0.74562,-0.1461,0.10243,-0.46589,-0.39071,0.75637,-0.7357,1.62333,-0.60416,-1.19352,-0.611,0.47691,3.50939,-0.73667,-0.81973,-0.79738,-0.07054,-0.40039,-0.57039,-0.54433,-0.40631,-0.4004,-0.54841,2.2771,-0.24738,-0.45755,-0.65764,0.15585,-0.51398,-0.5624,-0.6318,-0.08113,-0.60091,1.21545,-0.75053,0
-1.08138,-0.80844,-0.95224,-0.1461,-0.70738,-0.75338,-0.7776,0.75637,-0.7357,-0.27237,-0.60416,0.79752,-0.93076,-0.46819,-0.28495,-1.03972,2.00834,-1.22176,-0.60648,-0.53886,-0.8832,-0.97273,0.26998,-0.53885,-0.88546,0.27992,-0.72698,-0.72866,-0.9472,0.9749,-1.01011,-0.93284,-1.15588,-0.38748,-1.07802,-0.14417,-1.05378,0
-0.91281,-0.58636,-0.12577,-0.1461,-0.70738,-0.46589,-0.58416,0.06272,-0.40273,-0.27237,-0.3623,0.79752,-0.611,-0.46819,-0.28495,-0.73667,-0.81973,-0.56358,-0.89714,-0.53371,-0.77893,-0.81063,1.08153,-0.53371,-0.77582,-0.39912,-0.48718,-0.45755,-0.59972,0.38987,-0.7751,-0.82994,-0.80649,-1.00018,-0.83946,-0.61547,-0.75053,0
-0.23853,-0.1422,-0.74562,-0.1461,-0.86935,-0.03466,-0.19727,0.40954,-0.06975,0.04042,-0.3623,-0.79532,-0.47396,-0.46819,-0.28495,-0.48413,-0.81973,-0.6989,-0.4262,-0.46425,-0.62253,-0.64853,-0.13579,-0.46425,-0.62825,-0.91839,-0.00758,-0.0509,-0.54181,0.62388,-0.64454,-0.64472,-0.6318,-0.2343,-0.56683,-1.1646,-0.49783,0
-0.74424,-0.80844,-0.95224,-0.1461,-0.86935,-0.75338,-0.7776,-0.54423,-0.7357,-0.27237,-0.60416,0.79752,-0.88508,-0.46819,-0.28495,-0.78718,2.00834,-1.04995,-0.5611,-0.52036,-0.83106,-0.8801,0.13472,-0.52036,-0.81264,0.27992,-0.72698,-0.72866,-0.88929,-0.31217,-0.85344,-0.89168,-0.92295,-0.38748,-0.87354,-1.1646,-0.80108,0
-0.74424,0.30196,0.08085,-0.1461,-0.38346,0.39658,0.18962,1.45002,0.26322,0.20156,0.36326,0.24003,-0.01715,-0.46819,-0.28495,-0.48413,-0.81973,-0.40735,-0.4262,-0.43104,-0.51826,-0.46328,-0.13579,-0.43104,-0.50212,-1.15805,0.47201,0.35576,-0.07851,1.55993,-0.59232,-0.35661,-0.6318,-0.38748,-0.56683,-0.09347,-0.49783,0
-0.57567,-0.58636,-0.33239,-0.1461,0.10243,-0.46589,-0.58416,-0.54423,-0.40273,-0.27237,-0.3623,0.79752,-0.611,-0.46819,-0.28495,-0.48413,0.12296,-0.23944,-0.81987,-0.50817,-0.67466,-0.68327,0.81102,-0.50817,-0.65307,-0.39912,-0.48718,-0.45755,-0.59972,-0.66319,-0.72288,-0.64472,-0.51533,-0.54066,-0.43051,0.69845,-0.49783,0
0.60432,-0.36428,0.49409,-0.1461,1.39812,-0.1784,-0.39071,-1.06447,-0.06975,-0.27237,-0.12045,0.79752,0.16557,-0.46819,-0.28495,0.32401,-0.81973,1.31179,-0.51818,-0.29081,0.10736,0.21985,-0.00053,-0.29081,0.1309,-0.71867,-0.24738,-0.18645,0.32687,-1.13121,0.3216,0.13731,0.41636,-0.69383,0.62596,0.96266,0.31084,0
2.29003,0.07988,0.28747,4.2674,5.93306,0.39658,-0.00382,-0.97776,0.5962,-0.27237,0.12141,0.12056,0.11989,-0.46819,-0.28495,0.67758,0.12296,-0.01662,0.7671,0.25416,0.4723,0.49774,-0.94734,0.25416,0.45008,-1.03822,0.23222,0.35576,0.15314,-1.36522,0.42605,0.5489,0.4746,0.9911,2.43218,2.80286,1.06897,0
-0.06996,-0.03116,-0.12577,-0.1461,0.26439,-0.1784,-0.00382,0.14942,-0.06975,-0.27237,0.12141,0.12056,-0.19987,-0.46819,-0.28495,-0.18107,-0.81973,-0.45163,0.15267,-0.2494,-0.25758,-0.22013,-0.67683,-0.2494,-0.24182,-1.03822,-0.24738,-0.18645,-0.25225,-0.07816,-0.30509,-0.15081,-0.22418,0.53157,-0.08971,0.50136,-0.19458,0
-0.23853,-0.36428,-0.33239,-0.1461,-0.38346,-0.32215,-0.39071,0.58295,-0.40273,0.20156,-0.12045,0.79752,-0.56532,-0.46819,-0.28495,-0.68616,-0.81973,0.152,-0.8027,-0.48602,-0.51826,-0.54433,0.67576,-0.48603,-0.53332,-0.71867,-0.24738,-0.322,-0.59972,0.15585,-0.48787,-0.58298,-0.22418,-0.69383,-0.60091,0.17431,-0.69999,0
-0.91281,-0.80844,-0.53901,-0.1461,-0.86935,-0.75338,-0.7776,-0.80435,-0.7357,-0.27237,-0.60416,0.79752,-0.8394,-0.46819,-0.28495,-0.68616,-0.81973,-0.69429,-0.95969,-0.54515,-0.83106,-0.89168,1.35205,-0.54514,-0.8315,0.27992,-0.72698,-0.72866,-0.83137,-0.42918,-0.85344,-0.91226,-0.86472,-1.00018,-0.83946,-1.1646,-0.69999,0
-0.06996,-0.58636,0.08085,-0.1461,2.04597,-0.46589,-0.58416,-0.97776,-0.40273,-0.27237,-0.3623,0.79752,-0.33692,-0.46819,-0.28495,-0.18107,1.06565,-0.4488,-0.13308,-0.35083,-0.36185,-0.33591,-0.40631,-0.35083,-0.37817,-0.39912,-0.48718,-0.45755,-0.25225,-1.24822,-0.40954,-0.27429,-0.4571,-0.08113,0.28516,1.97024,-0.19458,0
-0.57567,-0.58636,0.08085,-0.1461,-0.70738,-0.46589,-0.58416,-0.97776,-0.40273,-0.27237,-0.3623,0.79752,-0.3826,-0.46819,-0.28495,-0.18107,-0.81973,0.63802,-0.86157,-0.48023,-0.46612,-0.41696,0.94628,-0.48023,-0.45022,-0.39912,-0.48718,-0.45755,-0.31016,-0.66319,-0.35731,-0.4595,-0.22418,-1.00018,-0.39643,-0.86682,-0.19458,0
0.77289,-0.80844,-0.53901,-0.1461,-0.38346,-0.75338,-0.7776,-1.41129,-0.7357,-0.27237,-0.60416,0.79752,-0.3826,-0.46819,-0.28495,-0.13056,-0.81973,0.01916,0.60154,0.15374,0.36803,0.67142,-0.81209,0.15374,0.3718,0.27992,-0.72698,-0.72866,-0.25225,-1.36522,0.9744,0.42542,-0.22418,-0.69383,-0.02155,-0.37125,-0.14403,0
-1.08138,-0.36428,-0.95224,-0.1461,-0.86935,-0.1784,-0.39071,1.36331,-0.06975,-0.27237,-0.60416,-1.19352,-0.56532,-0.46819,-0.28495,-0.83769,-0.81973,-0.52496,-0.83704,-0.52373,-0.7268,-0.75274,0.81102,-0.52373,-0.73886,-0.71867,-0.24738,-0.18645,-0.59972,2.26196,-0.82733,-0.68588,-0.86472,-0.84701,-0.97578,-1.1646,-0.85162,1
-0.91281,-0.36428,-1.15886,-0.1461,-0.86935,-0.1784,-0.39071,0.75637,-0.06975,-0.27237,-0.84601,-2.18905,-0.47396,-0.46819,-0.28495,-0.73667,0.12296,-1.1371,0.50097,-0.36893,-0.62253,-0.63696,-0.81209,-0.36893,-0.62481,-0.71867,-0.24738,-0.18645,-0.4839,1.44292,-0.59232,-0.6653,-0.86472,0.22522,-0.87354,-1.1646,-0.75053,0
-1.08138,-0.80844,-1.15886,-0.1461,-0.86935,-0.75338,-0.7776,2.23037,-0.7357,-0.27237,-0.84601,-1.19352,-0.97644,-0.46819,-0.28495,-1.14074,0.12296,-1.35744,-0.85176,-0.56071,-0.98747,-1.07694,0.94628,-0.5607,-0.96367,0.27992,-0.72698,-0.72866,-1.00511,2.72998,-1.11456,-1.03573,-1.33057,-0.84701,-1.18026,-1.1646,-1.15487,0
-0.4071,-0.80844,0.70071,-0.1461,-0.2215,-0.75338,-0.7776,-1.23788,-0.7357,-0.27237,-0.60416,0.79752,-0.611,-0.46819,-0.28495,-0.3326,2.00834,0.25862,-0.2594,-0.28261,-0.10118,-0.06961,-0.27105,-0.28261,-0.08634,0.27992,-0.72698,-0.72866,-0.54181,-1.13121,-0.04397,-0.08907,0.2999,0.07205,-0.36235,0.02578,-0.3462,0
-0.91281,-0.80844,-0.95224,-0.1461,-0.86935,-0.75338,-0.7776,-0.1974,-0.7357,-0.27237,-0.60416,0.79752,-0.97644,-0.46819,-0.28495,-0.8882,-0.81973,-1.00248,-1.04553,-0.55969,-0.93533,-0.99589,2.02834,-0.55969,-0.92153,0.27992,-0.72698,-0.72866,-1.00511,0.15585,-0.984,-0.99457,-1.15588,-1.30653,-0.97578,-1.1646,-0.90216,0
2.29003,2.52277,1.52718,-0.1461,0.58831,0.10909,4.25197,0.32284,0.26322,-0.27237,2.53995,-1.03424,4.18546,-0.46819,-0.28495,3.7081,0.12296,1.11908,4.31389,8.60972,5.4251,4.86284,-1.35312,8.60972,5.42518,-1.55748,-0.00758,0.08465,4.03326,0.62388,4.60397,5.01468,3.96846,4.05462,3.07969,-0.57476,3.69714,0
-1.08138,-0.80844,-0.53901,-0.1461,-0.86935,-0.75338,-0.7776,0.40954,-0.7357,-0.27237,-0.60416,0.79752,-0.88508,-0.46819,-0.28495,-0.98921,-0.81973,-0.80588,-1.07619,-0.55789,-0.8832,-0.98431,2.29886,-0.5579,-0.89576,0.27992,-0.72698,-0.72866,-0.88929,0.9749,-0.984,-0.97399,-0.98118,-1.00018,-1.07802,-1.1646,-1.00324,0
0.09861,0.52404,-0.33239,-0.1461,1.0742,0.82781,0.38307,0.58295,0.92917,-0.11123,-0.12045,-1.19352,0.16557,0.79194,-0.28495,-0.02955,2.95104,-0.70882,0.3256,-0.26291,-0.36185,-0.35907,-0.67683,-0.26291,-0.34742,0.79919,0.71181,0.76241,0.09522,0.03885,-0.35731,-0.35661,-0.28241,0.83793,0.217,1.09048,-0.04295,0
-0.4071,-0.58636,0.90733,-0.1461,-0.2215,-0.46589,-0.58416,-0.63093,-0.40273,-0.27237,-0.3623,0.79752,-0.24556,-0.46819,-0.28495,-0.43362,-0.81973,0.9657,-1.00506,-0.50894,-0.51826,-0.52117,1.62257,-0.50894,-0.51608,-0.39912,-0.48718,-0.45755,-0.13643,-0.66319,-0.48787,-0.54182,-0.10772,-1.00018,-0.43051,0.13361,-0.44728,0
-0.4071,-0.80844,0.90733,-0.1461,-0.38346,-0.75338,-0.7776,-0.97776,-0.7357,-0.27237,-0.60416,0.79752,-0.42828,-0.46819,-0.28495,-0.53463,-0.81973,0.7365,-1.10808,-0.53638,-0.67466,-0.66011,2.56938,-0.53638,-0.66171,0.27992,-0.72698,-0.72866,-0.31016,-1.01421,-0.64454,-0.6653,-0.51533,-1.30653,-0.53275,-0.03706,-0.54837,0
0.60432,-0.36428,1.94042,-0.1461,-0.38346,-0.46589,-0.39071,-0.89105,-0.40273,-0.27237,-0.12045,0.79752,0.25693,-0.46819,-0.28495,0.07147,1.06565,1.96396,-0.69233,-0.33919,0.1595,0.18512,0.40524,-0.33919,0.1372,-0.71867,-0.48718,-0.45755,0.4427,-0.78019,0.24326,0.13731,0.70752,-0.69383,0.08069,-0.47336,0.05813,0
0.26718,0.30196,-0.33239,-0.1461,1.0742,0.54032,0.18962,0.06272,0.5962,-0.0828,-0.12045,-0.91478,0.11989,0.16188,-0.28495,0.07147,1.06565,-0.56535,0.46541,-0.15875,-0.15331,-0.08119,-0.81209,-0.15875,-0.18063,0.00032,0.47201,0.49131,0.09522,-0.31217,0.00826,-0.15081,-0.39887,-0.08113,0.31924,0.97766,0.05813,0
0.09861,-0.80844,-0.53901,-0.1461,2.53186,-0.75338,-0.7776,-0.54423,-0.7357,-0.27237,-0.84601,-1.19352,-0.74804,-0.46819,-0.28495,-0.78718,2.95104,-0.81509,-0.41638,-0.47562,-0.67466,-0.69485,-0.13579,-0.47562,-0.67494,0.27992,-0.72698,-0.72866,-0.71555,-1.36522,-0.67066,-0.70646,-0.74826,-0.38748,0.01253,3.52195,-0.80108,0
-0.74424,-0.36428,-1.15886,-0.1461,-0.86935,-0.1784,-0.39071,1.01649,-0.06975,-0.27237,-0.84601,-2.18905,-0.47396,-0.46819,-0.28495,-0.78718,-0.81973,-1.20405,2.08182,-0.00454,-0.41399,-0.24329,-1.21786,-0.00454,-0.39229,-0.71867,-0.24738,-0.18645,-0.4839,1.44292,-0.27898,-0.21255,-1.03941,-0.08113,-0.87354,-1.1646,-0.80108,0
0.43575,0.07988,1.32056,-0.1461,1.23616,0.25283,-0.00382,-0.63093,0.26322,-0.0354,0.12141,0.12056,0.39397,0.79194,-0.28495,0.47554,2.00834,0.64758,0.06069,-0.02118,0.42017,0.39353,-0.54157,-0.02118,0.40279,1.59806,0.23222,0.2202,0.50061,-0.78019,0.37382,0.40484,0.99868,0.68475,0.66004,0.72987,0.46247,0
-0.74424,-0.80844,-0.33239,-0.1461,-0.86935,-0.75338,-0.7776,-0.80435,-0.7357,-0.27237,-0.60416,0.79752,-0.70236,-0.46819,-0.28495,-0.68616,-0.81973,-0.04992,-0.67761,-0.46562,-0.51826,-0.49801,0.40524,-0.46562,-0.5094,0.27992,-0.72698,-0.72866,-0.65764,-0.42918,-0.43565,-0.54182,-0.34064,-0.69383,-0.80538,-1.1646,-0.69999,0
1.2786,2.30069,0.08085,-0.1461,0.42635,2.40901,1.93063,0.49625,1.9281,0.36269,1.08882,-0.9546,1.21622,1.42201,-0.28495,1.3847,-0.81973,1.19135,-0.14412,-0.05773,0.52444,0.56721,-0.40631,-0.05773,0.51017,0.04026,2.6302,2.52458,0.96391,0.50687,0.60883,0.52832,0.88221,-0.08113,1.27347,-0.24343,1.37222,0
-0.06996,-0.36428,-0.53901,-0.1461,-0.2215,-0.1784,-0.39071,0.06272,-0.06975,-0.27237,-0.60416,-1.19352,-0.51964,-0.46819,-0.28495,-0.53463,2.00834,-0.47537,-0.60648,-0.47986,-0.62253,-0.62538,0.26998,-0.47986,-0.61663,-0.71867,-0.24738,-0.18645,-0.54181,-0.19516,-0.69677,-0.5624,-0.6318,-0.38748,-0.43051,0.26357,-0.54837,0
0.60432,0.07988,1.7338,-0.1461,1.0742,0.10909,-0.00382,-0.80435,0.26322,-0.27237,0.36326,0.79752,0.53101,-0.46819,-0.28495,0.67758,1.06565,0.15731,0.5488,0.17467,0.4723,0.47458,-0.81209,0.17467,0.45,-1.03822,-0.00758,0.08465,0.67435,-0.78019,0.5305,0.42542,0.70752,0.83793,0.79636,0.48351,0.66463,0
-1.08138,0.07988,0.70071,-0.1461,-0.54542,-0.03466,-0.00382,3.09744,-0.40273,1.14941,0.36326,0.79752,-0.15419,-0.46819,-0.28495,-0.83769,-0.81973,0.18459,-0.97563,-0.52262,-0.67466,-0.66011,1.48731,-0.52262,-0.65101,-1.03822,0.23222,-0.0509,-0.19434,3.43202,-0.67066,-0.64472,-0.51533,-1.00018,-0.90762,0.02578,-0.85162,0
1.44718,1.30132,2.14704,-0.1461,-0.70738,-0.46589,2.51096,0.66966,-0.40273,-0.27237,3.50737,0.79752,1.21622,-0.46819,-0.28495,1.63724,0.12296,0.64333,1.58144,1.56827,1.77567,1.74822,-1.0826,1.56828,1.80102,-1.51754,-0.48718,-0.45755,0.79017,0.9749,1.1833,2.17469,1.58099,2.36968,1.23939,-1.04535,1.62493,0
-0.91281,-0.58636,-0.33239,-0.1461,-0.86935,-0.46589,-0.58416,-0.63093,-0.40273,-0.27237,-0.3623,0.79752,-0.611,-0.46819,-0.28495,-0.43362,-0.81973,0.09638,-0.96336,-0.52284,-0.67466,-0.69485,1.48731,-0.52284,-0.66135,-0.39912,-0.48718,-0.45755,-0.59972,-0.19516,-0.67066,-0.70646,-0.39887,-0.84701,-0.66906,-1.1646,-0.44728,1
2.4586,1.30132,2.56028,-0.1461,-0.54542,-0.46589,2.51096,0.49625,-0.40273,-0.27237,3.50737,0.79752,1.2619,-0.46819,-0.28495,1.88979,0.12296,0.76661,1.03937,0.96014,1.41073,1.34297,-0.94734,0.96014,1.42728,-1.51754,-0.48718,-0.45755,0.84808,0.62388,0.94829,1.63962,1.75568,2.21651,1.64835,-0.94823,1.87763,0
-0.74424,0.30196,0.08085,-0.1461,-0.38346,0.39658,0.18962,1.2766,0.26322,0.20156,0.36326,0.24003,0.02853,-0.46819,-0.28495,-0.43362,-0.81973,-0.40027,-0.15638,-0.34986,-0.36185,-0.27802,-0.40631,-0.34986,-0.3635,-1.15805,0.47201,0.35576,-0.0206,1.44292,-0.38342,-0.19197,-0.57356,-0.38748,-0.53275,-0.14417,-0.44728,0
-0.91281,-0.80844,-0.95224,-0.1461,-0.86935,-0.75338,-0.7776,1.36331,-0.7357,-0.27237,-0.60416,0.79752,-0.88508,-0.46819,-0.28495,-1.09023,1.06565,-1.32839,-0.62242,-0.54822,-0.93533,-1.01905,0.26998,-0.54823,-0.92602,0.27992,-0.72698,-0.72866,-0.88929,1.44292,-0.984,-1.03573,-1.21411,-0.84701,-1.1121,-1.1646,-1.10433,0
-0.4071,-0.80844,0.08085,-0.1461,-0.54542,-0.75338,-0.7776,-0.80435,-0.7357,-0.27237,-0.60416,0.79752,-0.65668,-0.46819,-0.28495,-0.68616,0.12296,-0.00139,-1.00629,-0.53288,-0.7268,-0.71801,1.75783,-0.53288,-0.71104,0.27992,-0.72698,-0.72866,-0.59972,-0.78019,-0.72288,-0.70646,-0.69003,-1.15336,-0.66906,-0.21272,-0.69999,0
-1.08138,-0.80844,-1.15886,-0.1461,-0.70738,-0.75338,-0.7776,-0.37082,-0.7357,-0.27237,-0.84601,-1.19352,-0.88508,-0.46819,-0.28495,-0.83769,-0.81973,-1.07617,-0.21771,-0.47915,-0.7268,-0.72958,-0.27105,-0.47916,-0.74264,0.27992,-0.72698,-0.72866,-0.88929,0.03885,-0.67066,-0.7682,-1.03941,-0.84701,-0.9417,-0.51549,-0.85162,0
-0.74424,-0.36428,-0.12577,-0.1461,-0.70738,-0.46589,-0.39071,1.71014,-0.7357,1.62333,-0.60416,-1.19352,-0.47396,0.47691,3.50939,-0.8882,-0.81973,-0.61423,-0.57337,-0.48475,-0.67466,-0.68327,0.13472,-0.48475,-0.65307,2.2771,-0.24738,-0.45755,-0.4839,1.67693,-0.72288,-0.64472,-0.6318,-0.2343,-0.90762,-0.45051,-0.90216,1
-0.06996,0.30196,0.49409,-0.1461,-0.2215,0.39658,0.18962,1.10319,0.26322,0.20156,0.60511,0.79752,0.34829,-0.46819,-0.28495,-0.38311,-0.81973,0.30574,-0.68742,-0.44503,-0.41399,-0.34749,0.40524,-0.44503,-0.3995,-1.15805,0.47201,0.35576,0.38479,0.74088,-0.30509,-0.37719,-0.28241,-0.84701,-0.32827,0.0772,-0.39674,0
-0.91281,-0.58636,-0.95224,-0.1461,-0.70738,-0.46589,-0.58416,0.06272,-0.40273,-0.27237,-0.84601,-1.87048,-0.65668,-0.46819,-0.28495,-0.73667,-0.81973,-1.079,0.34767,-0.37953,-0.62253,-0.6138,-0.67683,-0.37953,-0.61367,-0.39912,-0.48718,-0.45755,-0.65764,0.38987,-0.7751,-0.48008,-0.98118,0.3784,-0.83946,-0.61547,-0.75053,0
-0.91281,-0.80844,-0.95224,-0.1461,-0.54542,-0.75338,-0.7776,-0.1974,-0.7357,-0.27237,-0.60416,0.79752,-0.8394,-0.46819,-0.28495,-0.8882,0.12296,-1.11443,-0.61997,-0.53166,-0.83106,-0.92642,0.26998,-0.53166,-0.84974,0.27992,-0.72698,-0.72866,-0.83137,-0.19516,-0.87955,-0.95342,-0.98118,-0.54066,-0.90762,0.13361,-0.90216,0
-0.4071,-0.80844,-0.53901,-0.1461,-0.86935,-0.75338,-0.7776,-1.498,-0.7357,-0.27237,-0.60416,0.79752,-0.88508,-0.46819,-0.28495,0.07147,1.06565,-0.20862,-0.24837,-0.34968,-0.30972,-0.2896,-0.27105,-0.34969,-0.31328,0.27992,-0.72698,-0.72866,-0.88929,-1.24822,-0.14842,-0.39776,-0.10772,-0.2343,-0.22603,-1.1646,0.05813,0
-0.91281,-0.1422,-0.74562,-0.1461,0.10243,-0.32215,-0.19727,2.75061,-0.7357,2.57118,-0.3623,-0.79532,-0.56532,0.79194,3.50939,-0.8882,0.12296,-0.99009,-0.94497,-0.55274,-0.8832,-0.97273,1.35205,-0.55274,-0.89237,2.2771,-0.00758,-0.322,-0.65764,1.44292,-1.01011,-0.93284,-1.09764,-0.84701,-0.7713,1.69175,-0.90216,0
2.79574,2.30069,0.70071,0.40559,4.31344,2.6965,1.93063,-0.02399,2.26107,0.29634,0.84697,-1.19352,1.85575,2.99719,-0.28495,1.99081,2.00834,0.92815,0.62484,0.57275,1.15006,1.09982,-0.81209,0.57275,1.16275,1.27851,2.87,2.52458,1.77468,-0.42918,1.13107,1.06339,1.81391,1.29745,2.84113,1.21545,2.02926,1
-0.57567,-0.58636,-0.74562,-0.1461,-0.86935,-0.46589,-0.58416,-0.1107,-0.40273,-0.27237,-0.3623,0.79752,-0.74804,-0.46819,-0.28495,-0.68616,-0.81973,-0.85972,-0.48384,-0.49192,-0.7268,-0.74116,-0.00053,-0.49192,-0.71602,-0.39912,-0.48718,-0.45755,-0.77346,0.15585,-0.69677,-0.7682,-0.80649,-0.54066,-0.7713,-1.1646,-0.69999,0
-0.57567,-0.36428,-0.12577,-0.1461,-0.2215,-0.75338,-0.19727,-0.89105,-0.7357,-0.27237,0.12141,0.79752,-0.29124,-0.46819,-0.28495,0.52605,0.12296,0.21434,0.19192,-0.04636,0.21163,0.24301,-0.67683,-0.04637,0.22978,-0.91839,-0.72698,-0.72866,-0.31016,-0.66319,0.1127,0.3431,0.53283,0.83793,0.18293,-0.46765,0.51301,0
-0.23853,-0.58636,-0.95224,-0.1461,-0.38346,-0.46589,-0.58416,-0.37082,-0.40273,-0.27237,-0.60416,-0.51657,-0.74804,-0.46819,-0.28495,-0.58514,1.06565,-1.04924,0.40899,-0.35592,-0.57039,-0.6138,-0.81209,-0.35592,-0.57673,-0.39912,-0.48718,-0.45755,-0.77346,-0.42918,-0.61843,-0.60356,-0.69003,0.83793,-0.53275,0.02578,-0.59891,0
-0.57567,-0.58636,-0.53901,-0.1461,-0.05954,-0.46589,-0.58416,-1.23788,-0.40273,-0.27237,-0.3623,0.79752,-0.33692,-0.46819,-0.28495,0.17249,0.12296,1.89665,-0.27167,-0.04459,0.73298,0.82194,-0.27105,-0.04459,0.71369,-0.39912,-0.48718,-0.45755,-0.25225,-1.01421,0.73939,0.87817,0.88221,-0.38748,-0.02155,-0.14417,0.15922,1
-0.4071,0.30196,-0.33239,-0.1461,-0.70738,0.54032,0.18962,0.32284,0.5962,-0.0828,0.36326,0.24003,0.25693,0.47691,-0.28495,-0.08006,-0.81973,-0.38468,-0.22997,-0.37104,-0.41399,-0.37065,-0.27105,-0.37104,-0.3924,0.55953,0.47201,0.49131,0.26896,0.74088,-0.38342,-0.35661,-0.34064,-0.08113,-0.29419,-0.88967,-0.09349,0
0.43575,1.96757,0.08085,-0.1461,-0.2215,0.10909,3.0913,2.05696,0.26322,-0.27237,3.99108,0.59841,1.49031,-0.46819,-0.28495,0.98063,1.06565,0.27563,2.54908,2.5305,2.08848,2.084,-1.21786,2.5305,2.09506,-1.51754,-0.00758,0.08465,0.96391,2.37897,1.75776,2.31875,1.40629,2.36968,0.69412,-0.59333,0.96788,0
-0.23853,-0.58636,-0.74562,-0.1461,-0.38346,-0.46589,-0.58416,-0.37082,-0.40273,-0.27237,-0.60416,-0.51657,-0.70236,-0.46819,-0.28495,-0.58514,-0.81973,-0.85016,-0.20299,-0.43971,-0.62253,-0.62538,-0.40631,-0.43972,-0.62175,-0.39912,-0.48718,-0.45755,-0.71555,-0.42918,-0.61843,-0.62414,-0.74826,-0.2343,-0.53275,0.02578,-0.59891,0
-0.74424,-0.80844,-0.74562,-0.1461,-0.54542,-0.75338,-0.7776,-0.1974,-0.7357,-0.27237,-0.60416,0.79752,-0.8394,-0.46819,-0.28495,-0.8882,-0.81973,-0.76939,-0.9045,-0.54191,-0.83106,-0.8801,1.08153,-0.54191,-0.82856,0.27992,-0.72698,-0.72866,-0.83137,-0.31217,-0.85344,-0.89168,-0.92295,-1.00018,-0.87354,0.13361,-0.90216,0
-0.23853,-0.36428,-0.12577,-0.1461,-0.86935,-0.1784,-0.39071,-0.97776,-0.06975,-0.27237,-0.12045,0.79752,-0.42828,-0.46819,-0.28495,0.17249,-0.81973,0.39395,0.10116,-0.05634,0.26376,0.37038,-0.54157,-0.05634,0.27678,-0.71867,-0.24738,-0.18645,-0.42599,-0.66319,0.29549,0.42542,0.2999,0.07205,-0.12379,-1.1646,0.15922,0
-0.57567,-0.36428,-0.53901,-0.1461,-0.2215,-0.1784,-0.39071,0.06272,-0.06975,-0.27237,-0.3623,-0.198,-0.47396,-0.46819,-0.28495,-0.53463,0.12296,-0.63513,-0.67761,-0.50483,-0.7268,-0.72958,0.40524,-0.50483,-0.70347,-0.71867,-0.24738,-0.18645,-0.4839,0.03885,-0.67066,-0.7682,-0.69003,-0.69383,-0.53275,0.26357,-0.54837,0
1.2786,1.41236,1.11394,-0.1461,1.23616,1.69028,1.15685,-0.28411,1.9281,-0.1681,1.08882,-0.198,1.44462,0.47691,-0.28495,1.58673,1.06565,0.18919,1.37909,0.92772,1.09792,1.1114,-1.0826,0.92772,1.09017,-0.39912,1.43121,1.57572,1.48512,-0.31217,1.13107,1.08397,1.05691,1.45063,1.58019,0.14289,1.57438,0
-0.57567,-0.36428,-0.53901,-0.1461,-0.86935,-0.1784,-0.39071,-0.45752,-0.06975,-0.27237,-0.12045,0.79752,-0.33692,-0.46819,-0.28495,-0.28209,-0.81973,0.31389,-0.76959,-0.46895,-0.46612,-0.44012,0.67576,-0.46895,-0.46134,-0.71867,-0.24738,-0.18645,-0.31016,-0.07816,-0.48787,-0.39776,-0.28241,-0.69383,-0.49867,-1.1646,-0.29566,0
-0.4071,-0.1422,-0.53901,-0.1461,-0.05954,0.10909,-0.19727,2.23037,-0.06975,0.36269,-0.12045,0.0011,-0.3826,-0.46819,-0.28495,-0.83769,0.12296,-0.98335,-0.18459,-0.45854,-0.67466,-0.72958,-0.40631,-0.45854,-0.68616,-0.91839,0.23222,0.08465,-0.42599,0.9749,-0.69677,-0.74762,-0.74826,0.07205,-0.66906,1.21545,-0.85162,0
-0.4071,0.07988,-0.33239,-0.1461,-0.54542,0.10909,-0.00382,0.49625,-0.06975,0.36269,-0.12045,-0.51657,-0.29124,0.79194,-0.28495,-0.3326,-0.81973,-0.60396,-0.12205,-0.37646,-0.46612,-0.4517,-0.40631,-0.37647,-0.45902,1.59806,0.23222,0.08465,-0.36808,0.62388,-0.46176,-0.43892,-0.4571,0.07205,-0.43051,-0.51549,-0.3462,0
-1.08138,-0.80844,-0.74562,-0.1461,-0.86935,-0.75338,-0.7776,2.23037,-0.7357,-0.27237,-0.60416,0.79752,-0.93076,-0.46819,-0.28495,-1.14074,-0.81973,-1.13816,-1.19884,-0.56844,-0.98747,-1.1001,3.78671,-0.56844,-0.97834,0.27992,-0.72698,-0.72866,-0.9472,2.72998,-1.08845,-1.09747,-1.21411,-1.30653,-1.18026,-1.1646,-1.15487,0
-1.08138,-0.1422,-1.15886,-0.1461,-0.54542,-0.03466,-0.19727,1.79684,-0.06975,0.04042,-0.84601,-2.38815,-0.47396,0.79194,3.50939,-0.78718,1.06565,-1.24514,0.90937,-0.33912,-0.62253,-0.68327,-0.94734,-0.33912,-0.64463,2.2771,-0.00758,-0.0509,-0.54181,2.26196,-0.82733,-0.5624,-1.03941,1.14428,-0.87354,-0.06633,-0.80108,0
-0.74424,-0.58636,-0.95224,-0.1461,-0.2215,-0.46589,-0.58416,-0.1107,-0.40273,-0.27237,-0.60416,-0.51657,-0.70236,-0.46819,-0.28495,-0.68616,2.00834,-1.24408,0.57946,-0.39823,-0.67466,-0.70643,-0.81209,-0.39823,-0.69801,-0.39912,-0.48718,-0.45755,-0.71555,-0.19516,-0.7751,-0.64472,-1.09764,0.07205,-0.66906,0.51565,-0.69999,0
-1.08138,-0.80844,-0.95224,-0.1461,-0.86935,-0.75338,-0.7776,0.40954,-0.7357,-0.27237,-0.60416,0.79752,-0.97644,-0.46819,-0.28495,-0.98921,-0.81973,-1.35,-0.99403,-0.56539,-0.98747,-1.08852,1.62257,-0.56539,-0.97928,0.27992,-0.72698,-0.72866,-1.00511,0.9749,-1.08845,-1.07689,-1.33057,-1.30653,-1.07802,-1.1646,-1.00324,0
0.77289,2.74485,0.90733,-0.1461,-0.05954,3.12774,2.31752,0.32284,2.92703,0.12573,1.81439,-0.51657,2.678,2.36712,-0.28495,1.88979,2.00834,1.24378,0.92654,1.10354,1.77567,1.82927,-0.94734,1.10354,1.783,0.51958,3.1098,2.93123,2.70128,0.62388,2.0711,1.61904,1.63922,0.53157,1.40979,-0.64689,1.87763,0
-0.57567,-0.80844,-0.33239,-0.1461,-0.54542,-0.75338,-0.7776,-0.1974,-0.7357,-0.27237,-0.60416,0.79752,-0.79372,-0.46819,-0.28495,-0.8882,0.12296,-0.70882,-0.85176,-0.53359,-0.77893,-0.84537,0.94628,-0.53359,-0.79376,0.27992,-0.72698,-0.72866,-0.77346,-0.42918,-0.80122,-0.8711,-0.80649,-0.84701,-0.83946,0.13361,-0.90216,0
-0.91281,-0.80844,-0.74562,-0.1461,-0.86935,-0.75338,-0.7776,-0.37082,-0.7357,-0.27237,-0.60416,0.79752,-0.88508,-0.46819,-0.28495,-0.83769,2.00834,-0.85406,-0.8027,-0.53453,-0.83106,-0.8801,0.67576,-0.53453,-0.81631,0.27992,-0.72698,-0.72866,-0.88929,0.03885,-0.85344,-0.89168,-0.86472,-0.69383,-0.9417,-1.1646,-0.85162,0
-0.4071,-0.1422,1.7338,-0.1461,-0.54542,-0.1784,-0.19727,-0.28411,-0.06975,-0.27237,0.12141,0.79752,0.25693,-0.46819,-0.28495,-0.13056,1.06565,1.68339,-0.86157,-0.43789,-0.20545,-0.15066,0.94628,-0.43789,-0.18073,-0.91839,-0.24738,-0.18645,0.38479,-0.07816,-0.1223,-0.17139,0.35813,-0.84701,-0.29419,-0.61547,-0.14403,0
-0.4071,0.07988,0.08085,-0.1461,-0.38346,-0.1784,0.18962,0.06272,-0.06975,-0.27237,0.60511,0.79752,-0.01715,-0.46819,-0.28495,0.07147,-0.81973,-0.32552,-0.11591,-0.32195,-0.30972,-0.26644,-0.40631,-0.32195,-0.30115,-1.15805,-0.24738,-0.18645,-0.07851,0.27286,-0.3312,-0.21255,-0.28241,0.07205,-0.12379,-0.47336,0.05813,0
0.43575,0.07988,-0.53901,-0.1461,0.26439,-0.1784,0.18962,-1.15117,-0.06975,-0.27237,-0.12045,-0.91478,0.11989,-0.46819,-0.28495,1.88979,-0.81973,0.39501,1.59616,1.35562,1.515,1.66717,-1.0826,1.35562,1.50629,-1.15805,-0.24738,-0.18645,0.09522,-0.8972,1.96666,1.41324,0.88221,0.53157,1.40979,-0.46051,1.87763,0
-0.57567,-0.80844,-0.12577,0.40559,-0.2215,-0.75338,-0.7776,-1.15117,-0.7357,-0.27237,-0.60416,0.79752,-0.70236,-0.46819,-0.28495,-0.48413,1.06565,-0.27203,-0.63959,-0.47183,-0.57039,-0.55591,0.26998,-0.47183,-0.56207,0.27992,-0.72698,-0.72866,-0.65764,-1.01421,-0.59232,-0.52124,-0.51533,-0.54066,-0.46459,0.45852,-0.44728,0
3.97573,4.41046,2.35366,-0.1461,3.17971,4.85268,3.86508,-0.1107,4.92488,-0.00697,3.74923,-0.11836,4.91635,2.05208,-0.28495,4.31421,-0.81973,1.72236,2.74654,5.39606,4.69522,4.36496,-1.21786,5.39606,4.71111,-0.31923,4.54859,4.55785,5.07568,-0.19516,4.6823,4.06802,3.61907,2.06333,4.37472,0.13861,4.30364,1
-0.74424,-0.36428,-0.33239,-0.1461,-0.86935,-0.1784,-0.39071,0.75637,-0.06975,-0.27237,-0.3623,-0.198,-0.51964,-0.46819,-0.28495,-0.73667,-0.81973,-0.68225,-0.71808,-0.51425,-0.7268,-0.7759,0.5405,-0.51425,-0.73495,-0.71867,-0.24738,-0.18645,-0.54181,1.20891,-0.85344,-0.70646,-0.80649,-0.38748,-0.83946,-1.1646,-0.75053,0
-0.57567,-0.80844,-0.12577,-0.1461,-0.54542,-0.75338,-0.7776,-0.54423,-0.7357,-0.27237,-0.60416,0.79752,-0.70236,-0.46819,-0.28495,-0.78718,0.12296,-0.47076,-1.13752,-0.55752,-0.8832,-0.90326,2.8399,-0.55752,-0.86726,0.27992,-0.72698,-0.72866,-0.65764,-0.54618,-0.90566,-0.89168,-1.03941,-1.45971,-0.7713,-0.06633,-0.80108,0
0.77289,0.19092,0.90733,-0.1461,1.56009,-0.60964,0.57651,-0.71764,-0.7357,0.67548,0.84697,0.35949,0.11989,-0.46819,-0.28495,1.58673,-0.81973,-0.24157,1.96408,1.09039,0.94152,0.74089,-1.0826,1.09039,0.92332,-1.27788,-0.48718,-0.5931,-0.0206,-0.66319,0.66106,0.79585,1.75568,4.66732,1.54611,0.30285,1.57438,0
-1.08138,-0.36428,-0.74562,-0.1461,-0.86935,-0.1784,-0.39071,1.36331,-0.06975,-0.27237,-0.60416,-1.19352,-0.56532,-0.46819,-0.28495,-0.83769,-0.81973,-0.31631,-1.01487,-0.54169,-0.77893,-0.82221,1.75783,-0.54169,-0.77871,-0.71867,-0.24738,-0.18645,-0.59972,2.26196,-0.90566,-0.74762,-0.80649,-0.84701,-0.97578,-1.1646,-0.85162,0
-0.06996,-0.58636,0.08085,-0.1461,-0.38346,-0.46589,-0.58416,-1.23788,-0.40273,-0.27237,-0.3623,0.79752,-0.33692,-0.46819,-0.28495,0.17249,0.12296,-0.06622,0.2606,-0.0886,0.10736,0.12723,-0.67683,-0.0886,0.08256,-0.39912,-0.48718,-0.45755,-0.25225,-1.01421,0.19104,0.07557,0.24167,0.3784,0.01253,-0.51549,0.15922,0
-0.4071,0.9682,0.08085,-0.1461,-0.70738,1.25905,0.76996,0.58295,1.26215,0.00251,1.08882,0.39931,0.48533,0.47691,-0.28495,0.27351,-0.81973,0.11338,0.01041,-0.17557,0.05523,0.04618,-0.54157,-0.17557,0.03273,-0.11951,1.19141,1.16906,0.38479,1.0919,0.1127,-0.00675,0.41636,0.3784,-0.05563,-0.94823,0.2603,0
-0.74424,-0.36428,-0.33239,-0.1461,-0.70738,-0.1784,-0.39071,0.06272,-0.06975,-0.27237,-0.12045,0.79752,-0.33692,0.47691,3.50939,-0.53463,-0.81973,-0.13459,-0.99648,-0.53461,-0.7268,-0.74116,1.62257,-0.53461,-0.73149,2.2771,-0.24738,-0.18645,-0.31016,0.38987,-0.74899,-0.72704,-0.74826,-1.15336,-0.66906,-0.74472,-0.54837,0
-0.91281,-0.80844,-0.74562,-0.1461,-0.70738,-0.75338,-0.7776,1.36331,-0.7357,-0.27237,-0.60416,0.79752,-0.93076,-0.46819,-0.28495,-1.09023,-0.81973,-1.06341,-1.13752,-0.56536,-0.93533,-1.06536,2.8399,-0.56536,-0.95459,0.27992,-0.72698,-0.72866,-0.9472,0.9749,-1.06234,-1.05631,-1.15588,-1.15336,-1.07802,0.02578,-1.10433,0
1.2786,0.74612,1.32056,-0.1461,0.10243,0.97156,0.57651,-0.1107,0.92917,0.04042,0.84697,0.35949,0.98782,0.79194,-0.28495,0.67758,-0.81973,1.4085,-0.2594,-0.10851,0.4723,0.47458,-0.27105,-0.10851,0.48694,0.51958,0.95161,0.89796,1.07973,-0.19516,0.47827,0.46658,1.28983,0.22522,0.7282,-0.23343,0.66463,0
-0.57567,-0.80844,-0.74562,-0.1461,-0.38346,-0.75338,-0.7776,0.40954,-0.7357,-0.27237,-0.84601,-1.19352,-0.88508,-0.46819,-0.28495,-0.98921,2.00834,-1.17961,-0.40167,-0.51648,-0.83106,-0.90326,-0.13579,-0.51648,-0.83136,0.27992,-0.72698,-0.72866,-0.88929,-0.31217,-0.90566,-0.89168,-1.03941,-0.2343,-0.87354,0.97766,-1.00324,0
-0.57567,-0.80844,-1.15886,-0.1461,-0.38346,-0.75338,-0.7776,0.06272,-0.7357,-0.27237,-0.84601,-1.19352,-0.93076,-0.46819,-0.28495,-0.9387,0.12296,-1.15693,-0.3661,-0.50995,-0.83106,-0.85695,-0.13579,-0.50995,-0.81433,0.27992,-0.72698,-0.72866,-0.9472,-0.42918,-0.87955,-0.82994,-1.09764,-0.54066,-0.83946,0.78271,-0.9527,0
-0.57567,-0.80844,-0.33239,-0.1461,-0.70738,-0.75338,-0.7776,-0.54423,-0.7357,-0.27237,-0.60416,0.79752,-0.70236,-0.46819,-0.28495,-0.78718,2.00834,-0.57385,-0.63591,-0.49321,-0.67466,-0.6138,0.26998,-0.49321,-0.66497,0.27992,-0.72698,-0.72866,-0.65764,-0.42918,-0.5401,-0.6653,-0.86472,-1.15336,-0.80538,-0.56976,-0.80108,0
0.09861,-0.03116,-0.95224,-0.1461,-0.54542,-0.1784,-0.00382,-0.80435,-0.06975,-0.27237,0.12141,0.12056,-0.24556,-0.46819,-0.28495,0.62707,-0.81973,-0.61813,1.62682,0.42161,0.26376,0.27775,-1.0826,0.4216,0.25983,-1.03822,-0.24738,-0.18645,-0.31016,-0.54618,0.21715,0.32252,0.12521,1.91016,0.31924,-0.81612,0.61409,0
1.78432,3.63317,1.52718,-0.1461,2.04597,4.42144,3.0913,0.32284,4.5919,-0.04488,3.02366,-0.11836,3.50025,2.99719,-0.28495,2.69793,1.06565,1.79427,0.7622,1.15998,2.08848,1.96821,-0.94734,1.15999,2.09092,0.47964,4.06899,4.15119,3.51205,0.27286,2.04499,1.88658,2.62915,1.14428,2.60258,0.14718,2.6863,0
1.61575,1.41236,0.90733,-0.1461,0.42635,1.69028,1.15685,-0.02399,1.59512,0.08782,1.08882,-0.198,1.39894,1.42201,-0.28495,1.13216,0.12296,0.91291,0.48135,0.4179,0.99365,1.00719,-0.81209,0.4179,1.00235,0.59947,1.67101,1.57572,1.42721,-0.07816,1.13107,0.89875,1.40629,0.68475,1.17123,-0.16202,1.11951,0
-0.74424,-0.80844,-0.74562,-0.1461,-0.86935,-0.75338,-0.7776,-0.37082,-0.7357,-0.27237,-0.60416,0.79752,-0.79372,-0.46819,-0.28495,-0.83769,-0.81973,-0.73042,-0.59054,-0.49739,-0.67466,-0.74116,0.13472,-0.49739,-0.70255,0.27992,-0.72698,-0.72866,-0.77346,-0.19516,-0.72288,-0.74762,-0.69003,-0.38748,-0.90762,-1.1646,-0.85162,0
-0.74424,-0.80844,-0.95224,-0.1461,-0.86935,-0.75338,-0.7776,0.06272,-0.7357,-0.27237,-0.60416,0.79752,-0.88508,-0.46819,-0.28495,-0.9387,0.12296,-1.28836,-0.02516,-0.49441,-0.83106,-0.89168,-0.54157,-0.49442,-0.82383,0.27992,-0.72698,-0.72866,-0.88929,0.15585,-0.87955,-0.89168,-1.09764,-0.08113,-0.97578,-1.1646,-0.9527,0
0.43575,-0.36428,0.70071,-0.1461,-0.38346,-0.75338,-0.19727,-0.97776,-0.7357,-0.27237,0.12141,0.79752,-0.01715,-0.46819,-0.28495,0.57656,-0.81973,0.0815,0.31701,-0.00883,0.21163,0.21985,-0.67683,-0.00883,0.22672,-0.91839,-0.72698,-0.72866,0.03731,-0.78019,0.21715,0.21962,0.64929,0.9911,0.3874,-0.64189,0.56355,0
-0.06996,0.52404,0.28747,-0.1461,-0.05954,-0.03466,0.57651,0.40954,-0.06975,0.04042,0.36326,-0.51657,0.25693,-0.46819,-0.28495,0.223,-0.81973,-0.3907,0.2005,-0.21335,-0.15331,-0.13908,-0.67683,-0.21336,-0.17744,-1.27788,-0.00758,-0.0509,0.15314,0.50687,-0.27898,-0.02733,-0.22418,0.53157,0.11477,-0.17273,0.20976,0
-0.4071,-0.36428,0.08085,-0.1461,-0.86935,-0.75338,-0.19727,-0.1107,-0.7357,-0.27237,0.12141,0.79752,-0.42828,-0.46819,-0.28495,-0.23158,-0.81973,-0.37299,-0.39799,-0.41949,-0.46612,-0.46328,-0.13579,-0.41949,-0.47298,-0.91839,-0.72698,-0.72866,-0.4839,0.27286,-0.56621,-0.37719,-0.4571,-0.08113,-0.43051,-1.1646,-0.24512,0
-0.91281,-0.80844,-0.74562,8.68089,-0.86935,-0.75338,-0.7776,-1.41129,-0.7357,-0.27237,-0.60416,0.79752,-0.24556,-0.46819,-0.28495,-0.8882,-0.81973,1.99973,-0.8162,-0.4034,-0.04904,0.0346,0.81102,-0.40339,-0.03257,0.27992,-0.72698,-0.72866,-0.07851,-1.13121,0.16493,-0.06849,0.41636,-1.00018,-0.43051,3.40555,-0.09349,0
-0.57567,-0.58636,0.08085,-0.1461,-0.54542,-0.75338,-0.58416,-0.89105,-0.7357,-0.27237,-0.3623,0.79752,-0.42828,-0.46819,-0.28495,-0.23158,-0.81973,-0.26495,-0.1012,-0.30492,-0.25758,-0.22013,-0.40631,-0.30491,-0.25931,-0.39912,-0.72698,-0.72866,-0.36808,-0.66319,-0.27898,-0.17139,-0.22418,0.07205,-0.39643,-0.56976,-0.24512,0
-0.57567,-0.80844,-0.53901,-0.1461,-0.05954,-0.75338,-0.7776,0.75637,-0.7357,-0.27237,-0.60416,0.79752,-0.79372,-0.46819,-0.28495,-1.03972,1.06565,-0.97804,-0.64695,-0.52436,-0.83106,-0.86853,0.26998,-0.52436,-0.80879,0.27992,-0.72698,-0.72866,-0.77346,-0.42918,-0.85344,-0.8711,-0.92295,-0.54066,-0.83946,2.08092,-1.05378,0
-0.91281,0.07988,-0.74562,-0.1461,-0.86935,0.39658,-0.00382,1.1899,0.5962,-0.27237,0.36326,0.79752,-0.24556,-0.46819,-0.28495,-0.53463,1.06565,-0.23271,-0.69723,-0.48239,-0.57039,-0.56748,0.40524,-0.48239,-0.58134,-1.03822,0.23222,0.35576,-0.31016,1.91094,-0.48787,-0.62414,-0.51533,-0.84701,-0.73722,-1.1646,-0.54837,0
-0.06996,-0.47532,0.08085,-0.1461,-0.05954,-0.75338,-0.39071,-0.63093,-0.7357,-0.27237,-0.12045,0.79752,-0.42828,-0.46819,-0.28495,-0.13056,-0.81973,-0.26884,-0.39676,-0.40644,-0.41399,-0.4517,-0.13579,-0.40643,-0.42575,-0.71867,-0.72698,-0.72866,-0.42599,-0.66319,-0.5401,-0.37719,-0.16595,0.3784,-0.12379,0.06649,-0.14403,0
-0.91281,-0.58636,-0.33239,-0.1461,-0.86935,-0.46589,-0.58416,0.23613,-0.40273,-0.27237,-0.3623,0.79752,-0.611,-0.46819,-0.28495,-0.78718,-0.81973,-0.53453,-0.71686,-0.50506,-0.67466,-0.70643,0.5405,-0.50505,-0.68773,-0.39912,-0.48718,-0.45755,-0.59972,0.74088,-0.69677,-0.70646,-0.69003,-0.69383,-0.90762,-1.1646,-0.80108,0
1.95289,-0.36428,0.70071,-0.1461,1.23616,-0.1784,-0.39071,-1.41129,-0.06975,-0.27237,-0.3623,-0.198,0.48533,-0.46819,-0.28495,1.23317,-0.81973,1.37414,2.26456,3.63475,3.54825,3.46184,-1.21786,3.63475,3.53285,-0.71867,-0.24738,-0.18645,0.73226,-1.36522,3.74227,3.20367,2.45445,1.29745,1.47795,0.28571,1.22059,0
-0.91281,-0.80844,-1.15886,-0.1461,-0.86935,-0.75338,-0.7776,1.36331,-0.7357,-0.27237,-0.84601,-1.19352,-0.93076,-0.46819,-0.28495,-1.09023,-0.81973,-1.08927,-0.70827,-0.538,-0.8832,-0.92642,0.40524,-0.53799,-0.86096,0.27992,-0.72698,-0.72866,-0.9472,1.44292,-0.87955,-0.95342,-1.03941,-0.84701,-1.1121,-1.1646,-1.10433,0
1.11003,-0.1422,0.28747,-0.1461,1.88401,0.10909,-0.19727,-1.06447,0.26322,-0.27237,0.12141,0.79752,0.07421,-0.46819,-0.28495,0.8291,-0.81973,0.80558,0.21277,0.13735,0.62871,0.74089,-0.67683,0.13735,0.65239,-0.91839,-0.00758,0.08465,0.15314,-1.13121,0.63494,0.81643,0.70752,0.22522,1.17123,0.85841,0.81626,1
-0.23853,-0.80844,-0.53901,-0.1461,-0.38346,-0.75338,-0.7776,-1.23788,-0.7357,-0.27237,-0.60416,0.79752,-0.88508,-0.46819,-0.28495,-0.28209,1.06565,-0.39708,-0.25818,-0.38158,-0.41399,-0.38223,-0.27105,-0.38157,-0.41264,0.27992,-0.72698,-0.72866,-0.88929,-1.13121,-0.25286,-0.48008,-0.34064,-0.38748,-0.32827,-0.27199,-0.29566,0
-0.57567,-0.25324,-0.12577,-0.1461,-0.86935,-0.46589,-0.19727,0.06272,-0.40273,-0.27237,0.12141,0.79752,-0.42828,-0.46819,-0.28495,-0.3326,-0.81973,-0.52567,-0.57337,-0.47723,-0.62253,-0.63696,0.13472,-0.47723,-0.61997,-0.91839,-0.48718,-0.45755,-0.4839,0.50687,-0.72288,-0.5624,-0.6318,-0.2343,-0.53275,-1.1646,-0.3462,0
-0.91281,-0.80844,-0.74562,-0.1461,-0.86935,-0.75338,-0.7776,-0.1974,-0.7357,-0.27237,-0.60416,0.79752,-0.93076,-0.46819,-0.28495,-0.8882,-0.81973,-1.01028,-1.03204,-0.55908,-0.93533,-1.00747,1.89309,-0.55907,-0.91958,0.27992,-0.72698,-0.72866,-0.9472,0.15585,-0.984,-1.01515,-1.09764,-1.15336,-0.97578,-1.1646,-0.90216,0
0.43575,-0.58636,-0.53901,-0.1461,1.56009,-0.46589,-0.58416,-0.71764,-0.40273,-0.27237,-0.3623,0.79752,-0.33692,-0.46819,-0.28495,-0.38311,1.06565,-0.73149,-0.19195,-0.41716,-0.57039,-0.52117,-0.40631,-0.41715,-0.55528,-0.39912,-0.48718,-0.45755,-0.25225,-1.13121,-0.43565,-0.58298,-0.69003,-0.54066,0.14885,1.98595,-0.39674,0
0.09861,-0.80844,-0.12577,-0.1461,-0.54542,-0.75338,-0.7776,-1.15117,-0.7357,-0.27237,-0.60416,0.79752,-0.611,-0.46819,-0.28495,-0.38311,-0.81973,0.62314,-0.95969,-0.50671,-0.51826,-0.54433,1.35205,-0.50671,-0.5432,0.27992,-0.72698,-0.72866,-0.54181,-1.13121,-0.48787,-0.58298,-0.22418,-1.00018,-0.36235,-0.48479,-0.39674,0
-0.74424,-0.80844,-0.74562,-0.1461,-0.05954,-0.75338,-0.7776,-0.63093,-0.7357,-0.27237,-0.60416,0.79752,-0.79372,-0.46819,-0.28495,-0.73667,1.06565,-1.12222,-0.30969,-0.49859,-0.77893,-0.83379,-0.27105,-0.49859,-0.78623,0.27992,-0.72698,-0.72866,-0.77346,-0.78019,-0.87955,-0.78878,-1.03941,-0.2343,-0.66906,0.93553,-0.75053,0
-1.08138,-0.80844,-0.53901,-0.1461,-0.70738,-0.75338,-0.7776,0.75637,-0.7357,-0.27237,-0.60416,0.79752,-0.88508,-0.46819,-0.28495,-1.03972,1.06565,-0.76479,-1.19884,-0.56501,-0.93533,-1.03062,3.78671,-0.565,-0.93246,0.27992,-0.72698,-0.72866,-0.88929,0.9749,-1.01011,-1.03573,-1.03941,-1.30653,-1.07802,-0.14417,-1.05378,0
0.09861,-0.58636,-0.12577,-0.1461,-0.54542,-0.46589,-0.58416,-0.45752,-0.40273,-0.27237,-0.3623,0.79752,-0.51964,-0.46819,-0.28495,-0.53463,-0.81973,-0.12467,-0.83091,-0.50511,-0.62253,-0.64853,0.81102,-0.50511,-0.62825,-0.39912,-0.48718,-0.45755,-0.4839,-0.54618,-0.64454,-0.64472,-0.4571,-0.69383,-0.46459,-0.37125,-0.54837,0
-0.23853,-0.58636,1.52718,-0.1461,-0.38346,-0.75338,-0.58416,-0.97776,-0.7357,-0.27237,-0.3623,0.79752,-0.10851,-0.46819,-0.28495,-0.18107,1.06565,1.496,-0.74261,-0.39391,-0.10118,-0.04645,0.5405,-0.39391,-0.07887,-0.39912,-0.72698,-0.72866,0.03731,-0.8972,0.00826,-0.08907,0.4746,-0.69383,-0.26011,-0.34054,-0.19458,0
-0.4071,-0.36428,1.7338,-0.1461,-0.54542,-0.46589,-0.39071,-0.63093,-0.40273,-0.27237,-0.12045,0.79752,0.16557,-0.46819,-0.28495,-0.13056,1.06565,1.99407,-0.84686,-0.41839,-0.10118,-0.04645,0.94628,-0.41838,-0.07887,-0.71867,-0.48718,-0.45755,0.32687,-0.42918,0.00826,-0.08907,0.53283,-0.84701,-0.29419,-0.61547,-0.14403,0
-0.4071,-0.58636,-1.15886,-0.1461,0.10243,-0.46589,-0.58416,0.75637,-0.40273,-0.27237,-0.84601,-1.87048,-0.79372,-0.46819,-0.28495,-0.8882,1.06565,-1.2795,-0.04355,-0.49457,-0.83106,-0.86853,-0.54157,-0.49457,-0.82144,-0.39912,-0.48718,-0.45755,-0.83137,-0.19516,-0.87955,-0.85052,-1.15588,-0.38748,-0.66906,1.69175,-0.90216,0
0.94146,-0.58636,0.90733,-0.1461,-0.2215,-0.46589,-0.58416,-1.5847,-0.40273,-0.27237,-0.3623,0.79752,-0.24556,-0.46819,-0.28495,1.08165,0.12296,0.59161,0.18333,0.05299,0.4723,0.6251,-0.67683,0.05299,0.47798,-0.39912,-0.48718,-0.45755,-0.13643,-1.36522,0.3216,0.85759,0.24167,0.07205,0.86452,-0.61547,1.06897,0
-0.57567,-0.58636,-1.15886,-0.1461,-0.54542,-0.46589,-0.58416,0.06272,-0.40273,-0.27237,-0.84601,-1.87048,-0.74804,-0.46819,-0.28495,-0.73667,1.06565,-0.67197,-0.9327,-0.54169,-0.83106,-0.8801,1.21679,-0.54169,-0.81631,-0.39912,-0.48718,-0.45755,-0.77346,0.03885,-0.85344,-0.89168,-0.80649,-0.84701,-0.73722,-0.14417,-0.75053,0
0.77289,-0.58636,-0.33239,-0.1461,0.75027,-0.60964,-0.58416,-0.54423,-0.7357,0.67548,-0.60416,-0.51657,-0.3826,0.16188,3.50939,-0.48413,-0.81973,0.51899,-0.14535,-0.1799,0.1595,0.20828,-0.40631,-0.1799,0.14299,2.2771,-0.48718,-0.5931,-0.31016,-1.01421,0.37382,0.07557,0.41636,-0.2343,-0.02155,1.48038,-0.49783,0
-0.91281,-0.58636,-0.53901,-0.1461,-0.86935,-0.46589,-0.58416,-0.80435,-0.40273,-0.27237,-0.3623,0.79752,-0.611,-0.46819,-0.28495,-0.3326,-0.81973,-0.13813,-0.79044,-0.49726,-0.62253,-0.62538,0.67576,-0.49727,-0.60696,-0.39912,-0.48718,-0.45755,-0.59972,-0.31217,-0.67066,-0.58298,-0.4571,-0.54066,-0.60091,-1.1646,-0.3462,0
-0.74424,-0.36428,-0.33239,-0.1461,-0.86935,-0.1784,-0.39071,0.75637,-0.06975,-0.27237,-0.3623,-0.198,-0.51964,-0.46819,-0.28495,-0.73667,-0.81973,-0.5866,-0.7794,-0.51805,-0.7268,-0.7759,0.67576,-0.51805,-0.73079,-0.71867,-0.24738,-0.18645,-0.54181,1.20891,-0.85344,-0.70646,-0.74826,-0.38748,-0.83946,-1.1646,-0.75053,1
-0.57567,-0.58636,-0.33239,-0.1461,-0.86935,-0.46589,-0.58416,1.1899,-0.40273,-0.27237,-0.3623,0.79752,-0.65668,-0.46819,-0.28495,-0.9387,-0.81973,-0.43215,-1.07619,-0.55116,-0.83106,-0.89168,2.29886,-0.55116,-0.8315,-0.39912,-0.48718,-0.45755,-0.65764,0.9749,-0.85344,-0.91226,-0.80649,-1.15336,-0.9417,-1.1646,-0.9527,0
0.43575,-0.58636,-0.74562,-0.1461,-0.05954,-0.46589,-0.58416,-1.15117,-0.40273,-0.27237,-0.60416,-0.51657,-0.65668,0.16188,3.50939,0.02096,1.06565,-0.407,1.09946,0.25502,0.26376,0.37038,-0.94734,0.25502,0.26102,2.2771,-0.48718,-0.45755,-0.65764,-1.13121,0.3216,0.40484,-0.04948,0.68475,0.08069,-0.04848,0.00759,0
-0.74424,-0.25324,0.28747,-0.1461,-0.86935,-0.75338,-0.00382,0.66966,-0.7357,-0.27237,0.36326,0.79752,-0.42828,-0.46819,-0.28495,-0.38311,-0.81973,-0.35351,-0.16742,-0.34533,-0.36185,-0.33591,-0.40631,-0.34533,-0.34396,-1.03822,-0.72698,-0.72866,-0.54181,1.20891,-0.38342,-0.29487,-0.22418,0.22522,-0.60091,-1.1646,-0.39674,0
-0.06996,0.30196,0.28747,-0.1461,0.10243,0.68407,0.18962,-0.1107,0.92917,-0.27237,0.36326,0.24003,0.21125,-0.46819,-0.28495,0.223,-0.81973,0.57001,-0.12818,-0.16084,0.21163,0.27775,-0.40631,-0.16084,0.18548,-1.15805,0.47201,0.62686,0.21105,-0.07816,0.29549,0.26078,0.2999,-0.2343,0.14885,-0.00706,0.20976,0
-0.57567,-0.36428,-0.53901,-0.1461,-0.70738,-0.1784,-0.39071,0.23613,-0.06975,-0.27237,-0.3623,-0.198,-0.47396,0.16188,-0.28495,-0.58514,0.12296,-0.9869,-0.3011,-0.47838,-0.7268,-0.75274,-0.27105,-0.47838,-0.7192,1.27851,-0.24738,-0.18645,-0.4839,0.38987,-0.74899,-0.74762,-0.86472,-0.2343,-0.66906,-0.71829,-0.59891,0
-0.06996,0.52404,1.11394,-0.1461,-0.54542,0.82781,0.38307,-0.02399,0.92917,-0.11123,0.60511,0.31967,0.48533,1.42201,-0.28495,0.37452,-0.81973,0.03722,0.46295,0.06827,0.3159,0.28933,-0.81209,0.06827,0.29335,1.79778,0.71181,0.76241,0.50061,0.27286,0.37382,0.21962,0.70752,0.9911,0.11477,-0.76757,0.36138,0
-0.57567,-0.80844,-0.74562,-0.1461,-0.86935,-0.75338,-0.7776,-0.89105,-0.7357,-0.27237,-0.60416,0.79752,-0.8394,-0.46819,-0.28495,-0.63565,-0.81973,-0.70563,-0.65676,-0.50623,-0.7268,-0.76432,0.26998,-0.50624,-0.71872,0.27992,-0.72698,-0.72866,-0.83137,-0.66319,-0.82733,-0.70646,-0.74826,-0.2343,-0.73722,-1.1646,-0.64945,0
-0.91281,-0.80844,-0.95224,-0.1461,-0.70738,-0.75338,-0.7776,-0.37082,-0.7357,-0.27237,-0.84601,-1.19352,-0.88508,-0.46819,-0.28495,-0.83769,1.06565,-1.14879,-0.55987,-0.52883,-0.83106,-0.92642,0.13472,-0.52883,-0.84974,0.27992,-0.72698,-0.72866,-0.88929,-0.19516,-0.984,-0.8711,-1.09764,-0.2343,-0.90762,-0.51549,-0.85162,0
-0.57567,3.18901,-0.53901,0.40559,-0.38346,1.83403,2.70441,2.49049,-0.40273,7.31043,3.74923,0.79752,1.67303,5.51746,3.50939,0.52605,-0.81973,1.78258,-0.74752,-0.38004,0.00309,0.06933,0.5405,-0.38004,0.00216,2.2771,3.3496,1.71127,1.31138,3.19801,0.1127,0.03441,0.41636,-0.84701,0.18293,-0.46765,0.56355,0
1.11003,2.74485,0.70071,-0.1461,0.42635,2.6965,2.31752,0.49625,1.9281,0.57122,0.84697,-1.43245,2.17551,2.99719,-0.28495,1.73826,0.12296,1.0493,1.34352,1.5719,2.03635,1.96821,-1.0826,1.5719,2.0442,0.95896,3.1098,5.50671,2.06424,0.62388,1.91443,1.98947,2.10507,1.6038,1.47795,-0.33697,1.72601,0
-0.74424,-0.80844,-0.74562,-0.1461,-0.2215,-0.75338,-0.7776,-0.1974,-0.7357,-0.27237,-0.60416,0.79752,-0.88508,-0.46819,-0.28495,-0.8882,1.06565,-0.96493,-0.52431,-0.50818,-0.77893,-0.82221,0.13472,-0.50818,-0.77034,0.27992,-0.72698,-0.72866,-0.88929,-0.42918,-0.80122,-0.82994,-0.86472,-0.38748,-0.80538,1.03264,-0.90216,0
-0.57567,-0.36428,0.70071,-0.1461,-0.54542,-0.1784,-0.39071,-0.97776,-0.06975,-0.27237,-0.12045,0.79752,-0.19987,-0.46819,-0.28495,0.223,1.06565,0.63802,-0.59789,-0.38872,-0.20545,-0.18539,0.26998,-0.38872,-0.20852,-0.71867,-0.24738,-0.18645,-0.13643,-0.66319,-0.20064,-0.17139,0.18344,-0.38748,-0.08971,-0.73186,0.20976,0
-0.57567,-0.58636,-0.33239,-0.1461,-0.2215,-0.46589,-0.58416,0.06272,-0.40273,-0.27237,-0.3623,0.79752,-0.70236,-0.46819,-0.28495,-0.73667,1.06565,-0.16009,-0.65431,-0.46715,-0.51826,-0.52117,0.26998,-0.46715,-0.53167,-0.39912,-0.48718,-0.45755,-0.71555,-0.19516,-0.56621,-0.48008,-0.4571,-0.54066,-0.66906,0.62062,-0.75053,0
0.60432,0.74612,-0.33239,-0.1461,0.75027,0.97156,0.57651,0.40954,0.92917,0.04042,-0.3623,-1.87048,0.57669,0.79194,-0.28495,0.223,-0.81973,0.22072,1.01361,0.59092,0.83725,0.97246,-0.94734,0.59092,0.85171,0.51958,0.95161,1.03351,0.55852,0.03885,1.05274,0.89875,0.59106,0.53157,0.42148,0.57706,0.20976,0
0.26718,0.63508,-0.33239,-0.1461,-0.05954,0.68407,0.57651,0.58295,0.5962,0.10677,-0.12045,-1.43245,0.30261,0.47691,-0.28495,0.12198,-0.81973,-1.00603,1.68324,0.07264,-0.20545,-0.15066,-1.0826,0.07264,-0.21191,0.04026,0.71181,0.62686,0.21105,0.50687,-0.20064,-0.10965,-0.6318,0.9911,0.11477,-0.11418,0.10867,0
1.61575,0.74612,3.79999,-0.1461,0.91224,0.97156,0.57651,-0.71764,1.26215,-0.27237,1.08882,0.79752,1.30758,-0.46819,-0.28495,1.43521,1.06565,4.54675,-0.54148,-0.01032,1.35859,1.28508,0.13472,-0.01033,1.35186,-1.27788,0.71181,0.89796,1.48512,-0.66319,1.39219,1.18687,2.57092,-0.38748,1.47795,0.02578,1.42276,1
1.78432,0.52404,4.00661,-0.1461,0.91224,0.68407,0.38307,-0.54423,0.92917,-0.27237,0.84697,0.79752,1.35326,-0.46819,-0.28495,0.87961,1.06565,2.6519,-0.38695,-0.04618,0.88938,0.86825,-0.13579,-0.04618,0.88842,-1.19799,0.47201,0.62686,1.60094,-0.66319,0.86995,0.85759,1.81391,-0.08113,1.13715,0.26357,0.8668,1
-0.4071,-0.80844,0.08085,-0.1461,-0.70738,-0.75338,-0.7776,-0.54423,-0.7357,-0.27237,-0.60416,0.79752,-0.65668,-0.46819,-0.28495,-0.78718,-0.81973,0.33443,-1.13752,-0.54687,-0.7268,-0.7759,2.8399,-0.54687,-0.74863,0.27992,-0.72698,-0.72866,-0.59972,-0.54618,-0.74899,-0.78878,-0.6318,-1.30653,-0.7713,-0.56976,-0.80108,0
-0.57567,-0.36428,-0.53901,-0.1461,-0.2215,-0.1784,-0.39071,0.58295,-0.06975,-0.27237,-0.12045,0.79752,-0.51964,0.16188,-0.28495,-0.68616,1.06565,-0.904,-0.83091,-0.53976,-0.83106,-0.90326,0.81102,-0.53975,-0.83876,1.27851,-0.24738,-0.18645,-0.54181,0.27286,-0.93178,-0.8711,-0.98118,-0.69383,-0.63499,0.51565,-0.69999,0
-0.91281,-0.80844,-0.74562,-0.1461,-0.54542,-0.75338,-0.7776,-0.37082,-0.7357,-0.27237,-0.60416,0.79752,-0.88508,-0.46819,-0.28495,-0.83769,-0.81973,-0.98619,-0.83091,-0.54341,-0.8832,-0.92642,0.81102,-0.54341,-0.86096,0.27992,-0.72698,-0.72866,-0.88929,-0.31217,-0.93178,-0.91226,-1.03941,-0.84701,-0.87354,0.02578,-0.85162,0
0.26718,0.63508,-0.53901,-0.1461,-0.05954,0.68407,0.57651,-0.1107,0.92917,-0.27237,-0.84601,-2.74654,0.75942,-0.46819,-0.28495,0.67758,1.06565,0.27138,1.61088,1.25653,1.35859,1.60928,-1.0826,1.25653,1.36403,-1.27788,0.47201,0.62686,0.79017,0.03885,1.60109,1.59846,0.4746,0.3784,0.48964,-0.37125,0.66463,0
3.30145,1.52341,1.52718,0.40559,1.72205,1.25905,1.54374,-0.63093,1.26215,0.00251,1.57253,-0.03872,2.81504,1.42201,-0.28495,2.79895,-0.81973,1.85627,1.10559,1.76639,2.60983,2.50082,-0.94734,1.76638,2.63046,0.27992,1.19141,1.16906,3.10666,-0.66319,2.64557,2.35991,2.74561,1.14428,2.94337,0.06149,2.83793,0
-0.23853,0.30196,-0.33239,-0.1461,0.10243,0.54032,0.18962,0.32284,0.5962,-0.0828,0.36326,0.24003,-0.01715,1.10698,-0.28495,-0.08006,-0.81973,-0.49131,-0.16252,-0.36798,-0.41399,-0.39381,-0.40631,-0.36797,-0.41552,1.71789,0.47201,0.49131,-0.07851,0.27286,-0.38342,-0.39776,-0.39887,-0.08113,-0.08971,0.21716,-0.09349,0
-0.4071,-0.1422,-0.12577,-0.1461,-0.2215,-0.03466,-0.19727,0.75637,-0.06975,0.04042,-0.12045,0.0011,-0.3826,0.16188,-0.28495,-0.58514,0.12296,-0.22208,-0.62242,-0.46392,-0.51826,-0.53275,0.26998,-0.46392,-0.53475,0.67936,-0.00758,-0.0509,-0.42599,0.50687,-0.38342,-0.64472,-0.34064,-0.69383,-0.53275,0.33855,-0.59891,0
-0.74424,-0.58636,-0.74562,-0.1461,-0.05954,-0.46589,-0.58416,0.75637,-0.40273,-0.27237,-0.3623,0.79752,-0.74804,-0.46819,-0.28495,-0.8882,-0.81973,-0.96316,-0.95355,-0.55258,-0.8832,-0.97273,1.35205,-0.55258,-0.8888,-0.39912,-0.48718,-0.45755,-0.77346,0.15585,-0.984,-0.95342,-1.03941,-0.84701,-0.7713,1.3854,-0.90216,0
2.4586,1.63445,3.38675,-0.1461,-0.54542,-0.1784,2.89786,0.58295,-0.06975,-0.27237,3.99108,0.79752,1.44462,-0.46819,-0.28495,2.04131,0.12296,0.88139,0.95965,0.93319,1.46286,1.36613,-0.94734,0.93319,1.46275,-1.51754,-0.24738,-0.18645,0.96391,0.74088,0.84384,1.7631,1.81391,2.36968,1.75059,-0.95751,2.02926,0
-0.91281,-0.58636,-0.33239,-0.1461,-0.86935,-0.46589,-0.58416,0.06272,-0.40273,-0.27237,-0.3623,0.79752,-0.70236,-0.46819,-0.28495,-0.73667,-0.81973,-0.57739,-0.93884,-0.53942,-0.77893,-0.85695,1.35205,-0.53942,-0.79736,-0.39912,-0.48718,-0.45755,-0.71555,0.50687,-0.82733,-0.8711,-0.74826,-0.84701,-0.87354,-1.1646,-0.75053,0
-0.23853,-0.58636,-0.33239,-0.1461,-0.2215,-0.46589,-0.58416,-0.45752,-0.40273,-0.27237,-0.3623,0.79752,-0.65668,-0.46819,-0.28495,-0.53463,2.00834,-0.83422,0.02758,-0.38444,-0.51826,-0.56748,-0.54157,-0.38444,-0.53734,-0.39912,-0.48718,-0.45755,-0.65764,-0.54618,-0.56621,-0.5624,-0.51533,0.53157,-0.46459,0.26357,-0.54837,0
-0.74424,-0.58636,-0.74562,-0.1461,-0.70738,-0.60964,-0.58416,-0.54423,-0.7357,0.67548,-0.60416,-0.51657,-0.74804,0.16188,3.50939,-0.48413,-0.81973,-0.38575,-0.29129,-0.39019,-0.41399,-0.40539,-0.27105,-0.39019,-0.42422,2.2771,-0.48718,-0.5931,-0.77346,-0.31217,-0.35731,-0.43892,-0.34064,-0.2343,-0.63499,-0.76757,-0.49783,0
2.62717,1.30132,1.32056,-0.1461,1.88401,1.1153,1.15685,-0.28411,0.92917,0.20156,0.60511,-0.87496,1.49031,2.36712,-0.28495,1.53623,-0.81973,0.30964,1.67833,1.3747,1.46286,1.38928,-1.0826,1.3747,1.46498,1.59806,1.19141,1.03351,1.54303,-0.54618,1.44442,1.33093,1.69745,2.21651,1.95507,0.47566,1.52384,1
0.43575,-0.36428,0.08085,-0.1461,0.42635,-0.1784,-0.39071,-0.89105,-0.06975,-0.27237,-0.3623,-0.198,-0.19987,-0.46819,-0.28495,0.12198,-0.81973,0.05635,-0.13799,-0.2602,-0.10118,-0.11592,-0.40631,-0.2602,-0.10405,-0.71867,-0.24738,-0.18645,-0.13643,-0.8972,-0.01786,-0.19197,0.41636,0.3784,0.25108,0.37926,0.10867,1
-0.74424,-0.1422,-0.95224,-0.1461,-0.2215,0.10909,-0.19727,1.01649,0.26322,-0.27237,-0.60416,-1.59173,-0.24556,-0.46819,-0.28495,-0.63565,-0.81973,-1.02409,0.27286,-0.37791,-0.57039,-0.55591,-0.67683,-0.37791,-0.59189,-0.91839,-0.00758,0.08465,-0.25225,0.85789,-0.46176,-0.62414,-0.86472,-0.38748,-0.63499,0.4221,-0.64945,0
-0.57567,-0.80844,-0.74562,-0.1461,0.58831,-0.75338,-0.7776,-0.1974,-0.7357,-0.27237,-0.60416,0.79752,-0.8394,-0.46819,-0.28495,-0.8882,2.00834,-1.17465,-0.19686,-0.49269,-0.77893,-0.84537,-0.40631,-0.49269,-0.78971,0.27992,-0.72698,-0.72866,-0.83137,-0.8972,-0.80122,-0.8711,-0.98118,-0.2343,-0.60091,2.40583,-0.90216,0
1.61575,1.07924,0.28747,-0.1461,1.88401,-0.1784,1.93063,0.66966,-0.06975,-0.27237,0.12141,-1.95012,0.89646,-0.46819,-0.28495,1.18266,0.12296,0.50376,1.62805,1.49866,1.6714,1.58612,-1.0826,1.49866,1.66807,-1.4776,-0.24738,-0.18645,0.55852,0.27286,1.10496,1.94832,1.63922,2.67603,1.51203,0.64704,1.17005,0
0.77289,0.74612,1.32056,-0.1461,1.72205,0.82781,0.57651,-0.54423,0.92917,-0.11123,0.60511,-0.07854,1.30758,0.16188,-0.28495,1.18266,1.06565,0.70958,1.06144,0.9508,1.41073,1.47033,-0.94734,0.9508,1.39058,-0.39912,0.71181,0.76241,1.48512,-0.54618,1.57498,1.37208,1.17337,0.68475,1.30755,0.56635,1.17005,0
0.26718,2.07861,-0.12577,-0.1461,-0.54542,2.98399,1.73718,2.05696,3.59298,-0.27237,2.53995,0.79752,2.22119,3.94229,3.50939,0.223,-0.81973,2.46167,0.22135,0.62707,1.82781,1.96821,-0.67683,0.62708,1.80623,2.2771,2.3904,2.79568,2.29589,2.26196,1.78387,2.09237,1.34806,-0.2343,0.08069,-0.73186,0.20976,0
1.61575,2.52277,1.7338,-0.1461,-0.2215,2.98399,2.12407,0.23613,2.92703,0.04042,1.57253,-0.59621,3.04344,1.42201,-0.28495,1.88979,-0.81973,2.68165,0.23852,0.71589,1.98421,1.97979,-0.67683,0.71589,1.9875,-0.07957,2.87,2.79568,3.22249,0.38987,2.17555,1.80426,2.22153,0.07205,1.54611,-0.74472,1.87763,1
-0.4071,-0.80844,-0.53901,-0.1461,-0.54542,-0.75338,-0.7776,-1.23788,-0.7357,-0.27237,-0.60416,0.79752,-0.8394,-0.46819,-0.28495,-0.3326,0.12296,0.05919,-0.61506,-0.44029,-0.41399,-0.44012,0.26998,-0.4403,-0.43023,0.27992,-0.72698,-0.72866,-0.83137,-1.13121,-0.35731,-0.50066,-0.04948,-0.38748,-0.43051,-0.51549,-0.3462,1
-0.57567,-0.80844,-0.95224,-0.1461,-0.54542,-0.75338,-0.7776,0.40954,-0.7357,-0.27237,-0.84601,-1.19352,-0.88508,-0.46819,-0.28495,-0.98921,0.12296,-1.24975,-0.89223,-0.55826,-0.93533,-1.0422,1.08153,-0.55827,-0.94211,0.27992,-0.72698,-0.72866,-0.88929,-0.19516,-1.08845,-0.99457,-1.27234,-0.84701,-0.90762,0.4221,-1.00324,0
0.60432,-0.58636,0.28747,1.50896,0.26439,-0.46589,-0.58416,-1.5847,-0.40273,-0.27237,-0.3623,0.79752,-0.29124,-0.46819,-0.28495,0.87961,1.06565,0.42016,0.36852,0.13931,0.52444,0.5209,-0.67683,0.13932,0.51631,-0.39912,-0.48718,-0.45755,-0.19434,-1.36522,0.68717,0.38426,0.99868,0.68475,0.86452,0.15789,1.01843,0
-0.23853,0.9682,-0.74562,-0.1461,-0.86935,1.54654,0.76996,0.58295,1.9281,-0.27237,0.36326,-0.79532,0.71374,-0.46819,-0.28495,0.27351,-0.81973,-0.04425,0.62607,0.14249,0.3159,0.43985,-0.81209,0.14249,0.33411,-1.31782,1.19141,1.44017,0.67435,1.0919,0.42605,0.446,0.18344,0.3784,-0.05563,-1.1646,0.2603,0
0.77289,-0.58636,0.90733,-0.1461,0.10243,-0.46589,-0.58416,-0.80435,-0.40273,-0.27237,-0.3623,0.79752,-0.29124,-0.46819,-0.28495,-0.3326,-0.81973,1.4751,-0.9045,-0.46254,-0.30972,-0.27802,1.08153,-0.46254,-0.28781,-0.39912,-0.48718,-0.45755,-0.19434,-1.01421,-0.22675,-0.31545,0.2999,-0.84701,-0.05563,0.48351,-0.3462,0
0.09861,-0.36428,-0.33239,-0.1461,0.10243,-0.75338,-0.19727,-0.63093,-0.7357,-0.27237,0.12141,0.79752,-0.42828,-0.46819,-0.28495,0.12198,-0.81973,-0.42861,-0.05459,-0.32084,-0.30972,-0.33591,-0.54157,-0.32085,-0.32889,-0.91839,-0.72698,-0.72866,-0.4839,-0.54618,-0.38342,-0.29487,-0.16595,0.53157,0.11477,0.05935,0.10867,0
-1.08138,-0.80844,-0.53901,-0.1461,-0.86935,-0.75338,-0.7776,1.36331,-0.7357,-0.27237,-0.60416,0.79752,-0.88508,-0.46819,-0.28495,-1.09023,0.12296,-0.90542,-1.11176,-0.5618,-0.93533,-1.00747,2.56938,-0.5618,-0.92341,0.27992,-0.72698,-0.72866,-0.88929,1.91094,-0.984,-1.01515,-1.09764,-1.30653,-1.14618,-1.1646,-1.10433,0
-0.23853,-0.80844,-0.12577,-0.1461,-0.54542,-0.75338,-0.7776,-0.37082,-0.7357,-0.27237,-0.60416,0.79752,-0.74804,-0.46819,-0.28495,-0.83769,-0.81973,0.42831,-0.99403,-0.52,-0.62253,-0.63696,1.62257,-0.52,-0.61531,0.27992,-0.72698,-0.72866,-0.71555,-0.66319,-0.56621,-0.68588,-0.28241,-1.00018,-0.73722,0.02578,-0.85162,0
1.2786,0.52404,1.94042,-0.1461,-0.2215,-0.75338,1.35029,0.06272,-0.7357,-0.27237,2.05624,0.79752,0.62237,-0.46819,-0.28495,1.33419,-0.81973,0.42477,1.3521,1.08664,1.35859,1.36613,-1.0826,1.08664,1.33892,-1.39771,-0.72698,-0.72866,0.38479,0.15585,0.92218,1.70136,1.05691,1.75698,1.10307,-0.66331,1.32168,0
-0.23853,-0.80844,-0.95224,-0.1461,-0.86935,-0.75338,-0.7776,-1.15117,-0.7357,-0.27237,-0.60416,0.79752,-0.42828,-0.46819,-0.28495,-0.38311,0.12296,0.17361,0.36361,0.05127,0.3159,0.64826,-0.67683,0.05127,0.32743,0.27992,-0.72698,-0.72866,-0.31016,-1.01421,0.86995,0.46658,-0.28241,-0.84701,-0.49867,-1.1646,-0.39674,0
-0.4071,-0.1422,-0.33239,-0.1461,0.10243,-0.1784,-0.19727,0.75637,-0.40273,0.67548,-0.3623,-0.79532,-0.42828,0.79194,3.50939,-0.58514,0.12296,-0.73361,-0.03374,-0.37794,-0.51826,-0.47486,-0.54157,-0.37794,-0.49821,2.2771,-0.00758,-0.18645,-0.4839,0.27286,-0.38342,-0.54182,-0.57356,-0.2343,-0.46459,0.87555,-0.59891,0
4.65002,1.85653,-0.33239,0.40559,3.17971,2.6965,1.54374,-0.97776,3.26,-0.27237,0.84697,-0.91478,2.03847,3.62726,3.50939,4.21319,0.12296,0.44531,2.97833,3.55468,2.7141,2.76713,-1.21786,3.55468,2.73117,2.2771,2.1506,2.52458,2.12215,-1.01421,2.82835,2.68918,1.58099,1.75698,4.47696,0.20073,4.25309,0
-0.06996,1.52341,-0.74562,-0.1461,-0.05954,0.10909,2.51096,1.71014,0.26322,-0.27237,-0.3623,-2.54743,1.12486,0.47691,-0.28495,0.8291,0.12296,0.10772,1.82918,1.34316,1.30646,1.2735,-1.0826,1.34316,1.31338,-0.87844,-0.00758,0.08465,0.67435,2.14496,1.13107,1.37208,1.28983,2.36968,0.52372,-0.42052,0.81626,0
2.62717,2.74485,0.90733,-0.1461,1.0742,3.41523,2.31752,0.23613,3.92595,-0.20602,-0.3623,-2.50761,2.49528,0.47691,-0.28495,1.99081,-0.81973,0.78539,0.68616,0.57349,1.09792,1.04193,-0.81209,0.57348,1.10164,-0.8385,2.87,3.20233,2.46963,0.15585,1.15718,0.93991,1.75568,1.29745,2.09138,-0.06633,1.97872,0
0.43575,-0.1422,2.35366,-0.1461,-0.2215,-0.1784,-0.19727,-0.71764,-0.06975,-0.27237,0.12141,0.79752,0.34829,-0.46819,-0.28495,0.27351,1.06565,2.03622,-0.69723,-0.33783,0.1595,0.17354,0.40524,-0.33783,0.15234,-0.91839,-0.24738,-0.18645,0.50061,-0.66319,0.19104,0.15789,0.88221,-0.54066,0.217,-0.37125,0.2603,1
0.43575,-0.36428,0.08085,-0.1461,0.26439,-0.1784,-0.39071,-0.02399,-0.06975,-0.27237,-0.12045,0.79752,-0.33692,-0.46819,-0.28495,-0.48413,1.06565,1.05426,-0.89223,-0.47359,-0.36185,-0.37065,1.08153,-0.47359,-0.37625,-0.71867,-0.24738,-0.18645,-0.31016,-0.54618,-0.30509,-0.41834,0.12521,-0.84701,-0.19195,0.91839,-0.49783,0
-0.06996,-0.36428,-1.15886,-0.1461,1.72205,-0.1784,-0.39071,-0.80435,-0.06975,-0.27237,-0.84601,-2.18905,-0.3826,-0.46819,-0.28495,-0.02955,-0.81973,0.09071,1.29814,0.76908,0.94152,1.03035,-1.0826,0.76908,0.91969,-0.71867,-0.24738,-0.18645,-0.36808,-1.01421,1.23552,0.85759,0.64929,0.68475,0.31924,1.55607,-0.04295,0
-0.57567,0.52404,-0.74562,-0.1461,1.39812,-0.03466,0.38307,4.22462,-0.40273,1.14941,0.60511,0.31967,-0.19987,0.79194,-0.28495,-0.78718,-0.81973,-1.02905,0.03984,-0.4269,-0.67466,-0.64853,-0.54157,-0.4269,-0.65395,0.79919,0.23222,0.08465,-0.36808,1.32591,-0.67066,-0.62414,-0.92295,-0.2343,-0.36235,2.83428,-0.80108,0
0.09861,0.07988,-0.33239,-0.1461,0.42635,0.39658,-0.00382,-0.71764,0.5962,-0.27237,0.12141,0.12056,0.07421,0.47691,-0.28495,0.52605,0.12296,-0.21181,1.72371,0.89854,0.83725,0.86825,-1.0826,0.89854,0.82589,0.95896,0.23222,0.35576,0.09522,-0.66319,1.05274,0.71354,0.70752,1.45063,0.45556,0.10505,0.51301,0
-1.08138,-0.80844,-0.74562,-0.1461,-0.86935,-0.75338,-0.7776,-0.1974,-0.7357,-0.27237,-0.60416,0.79752,-0.88508,-0.46819,-0.28495,-0.8882,1.06565,-0.89409,-1.13752,-0.56312,-0.93533,-1.01905,2.8399,-0.56312,-0.92964,0.27992,-0.72698,-0.72866,-0.88929,0.38987,-1.06234,-0.97399,-1.15588,-1.15336,-1.00986,-1.1646,-0.90216,0
-0.91281,-0.80844,-0.33239,-0.1461,-0.38346,-0.75338,-0.7776,-0.1974,-0.7357,-0.27237,-0.60416,0.79752,-0.56532,-0.46819,-0.28495,-0.8882,-0.81973,-0.28018,-0.48138,-0.43232,-0.46612,-0.35907,-0.00053,-0.43232,-0.47792,0.27992,-0.72698,-0.72866,-0.4839,-0.31217,-0.40954,-0.31545,-0.74826,-1.00018,-0.87354,0.62062,-0.90216,1
0.60432,0.30196,1.7338,-0.1461,-0.05954,0.39658,0.18962,-0.97776,0.5962,-0.27237,0.60511,0.79752,1.21622,-0.46819,-0.28495,1.28368,1.06565,3.25482,-0.50223,-0.089,0.94152,1.00719,-0.00053,-0.089,0.93357,-1.15805,0.23222,0.35576,1.48512,-0.78019,1.15718,0.87817,1.40629,-0.69383,0.96676,-0.53834,1.27113,0
-0.4071,0.07988,-0.74562,-0.1461,0.42635,0.39658,-0.00382,0.49625,0.5962,-0.27237,-0.3623,-1.19352,-0.10851,-0.46819,-0.28495,-0.3326,0.12296,-0.84166,0.75607,-0.1661,-0.30972,-0.27802,-0.94734,-0.16611,-0.30429,-1.03822,0.23222,0.35576,-0.13643,0.15585,-0.35731,-0.21255,-0.51533,0.83793,-0.22603,0.87555,-0.3462,0
-0.4071,-0.1422,-0.53901,-0.1461,1.23616,-0.32215,-0.19727,2.75061,-0.7357,2.57118,-0.60416,-1.59173,-0.56532,0.79194,3.50939,-0.8882,0.12296,-0.91747,-0.89223,-0.54605,-0.8832,-0.938,1.08153,-0.54605,-0.86052,2.2771,-0.00758,-0.322,-0.65764,0.27286,-0.95789,-0.91226,-0.98118,-0.69383,-0.43051,3.05493,-0.90216,0
1.61575,1.63445,2.35366,-0.1461,-0.38346,1.25905,1.73718,0.23613,1.26215,0.00251,2.53995,0.79752,2.17551,-0.46819,-0.28495,1.48572,0.12296,0.67309,0.81003,0.64697,1.09792,1.21561,-0.94734,0.64698,1.11782,-1.43765,1.19141,1.16906,2.23798,0.38987,1.02662,1.35151,0.88221,0.68475,1.23939,-0.80184,1.4733,1
1.11003,1.19028,-0.12577,-0.1461,-0.05954,1.1153,1.15685,-0.63093,1.26215,-0.13967,1.08882,-0.198,1.81007,2.05208,-0.28495,2.14233,-0.81973,0.37694,1.92852,1.76991,1.77567,1.7598,-1.0826,1.76991,1.75431,1.27851,0.95161,1.03351,1.94842,-0.31217,1.88832,1.63962,1.46452,1.6038,1.64835,-0.68188,2.13034,0
-0.23853,-0.58636,0.08085,-0.1461,-0.05954,-0.46589,-0.58416,-0.97776,-0.40273,-0.27237,-0.3623,0.79752,-0.56532,-0.46819,-0.28495,-0.13056,1.06565,0.16192,0.06314,-0.1358,0.10736,0.17354,-0.54157,-0.1358,0.10052,-0.39912,-0.48718,-0.45755,-0.54181,-0.8972,0.16493,0.17847,0.18344,0.07205,-0.15787,0.06649,-0.14403,0
0.77289,0.74612,0.28747,-0.1461,0.42635,0.68407,0.57651,1.01649,0.26322,0.67548,-0.12045,-1.43245,0.66806,1.42201,-0.28495,-0.08006,-0.81973,0.01738,-0.00431,-0.20464,-0.04904,0.05776,-0.54157,-0.20464,-0.03577,1.39834,0.95161,0.62686,0.67435,0.38987,0.1127,0.01383,-0.04948,-0.2343,0.18293,0.56635,-0.09349,0
0.09861,-0.36428,1.7338,-0.1461,0.10243,-0.46589,-0.39071,-0.63093,-0.40273,-0.27237,-0.12045,0.79752,0.07421,-0.46819,-0.28495,-0.13056,1.06565,1.15238,-0.76959,-0.42458,-0.20545,-0.18539,0.67576,-0.42458,-0.21423,-0.71867,-0.48718,-0.45755,0.21105,-0.66319,-0.17453,-0.19197,0.24167,-0.69383,-0.05563,0.26357,-0.14403,0
-0.57567,-0.47532,-0.12577,-0.1461,-0.86935,-0.75338,-0.39071,-0.37082,-0.7357,-0.27237,-0.12045,0.79752,-0.51964,-0.46819,-0.28495,-0.3326,-0.81973,-0.53205,-0.59054,-0.48114,-0.62253,-0.63696,0.13472,-0.48114,-0.62982,-0.71867,-0.72698,-0.72866,-0.54181,0.03885,-0.72288,-0.5624,-0.69003,-0.38748,-0.53275,-1.1646,-0.3462,0
1.2786,2.74485,1.32056,-0.1461,0.42635,3.27148,2.31752,0.06272,3.26,0.02147,1.57253,-0.75549,2.678,2.36712,-0.28495,2.24335,2.95104,0.3982,1.50173,1.24249,1.41073,1.45876,-1.0826,1.2425,1.43232,0.51958,3.1098,3.06678,2.70128,0.27286,1.57498,1.35151,1.28983,1.29745,1.85283,-0.44123,2.23143,1
1.2786,-0.80844,0.28747,-0.1461,0.26439,-0.75338,-0.7776,-1.5847,-0.7357,-0.27237,-0.84601,-1.19352,0.16557,-0.46819,-0.28495,0.37452,-0.81973,1.74503,0.66286,0.98931,1.93208,1.96821,-0.81209,0.98931,1.91141,0.27992,-0.72698,-0.72866,0.4427,-1.48223,2.22778,1.74252,1.75568,0.22522,0.5578,0.05435,0.36138,0
-0.57567,-0.80844,-1.15886,-0.1461,-0.2215,-0.75338,-0.7776,-0.1974,-0.7357,-0.27237,-0.84601,-1.19352,-0.93076,-0.46819,-0.28495,-0.8882,2.00834,-1.19484,-0.58563,-0.53505,-0.8832,-0.938,0.13472,-0.53505,-0.87197,0.27992,-0.72698,-0.72866,-0.9472,-0.54618,-0.95789,-0.91226,-1.15588,-0.69383,-0.7713,1.03264,-0.90216,0
-0.57567,0.30196,-0.53901,0.40559,0.58831,0.25283,0.18962,-0.02399,-0.06975,0.67548,0.36326,0.24003,0.02853,0.79194,-0.28495,0.07147,0.12296,0.49172,-0.00676,-0.10156,0.26376,0.27775,-0.54157,-0.10155,0.24751,1.11874,0.47201,0.2202,-0.0206,0.03885,0.21715,0.32252,0.59106,0.3784,0.08069,0.71488,0.10867,0
0.26718,-0.36428,1.94042,-0.1461,0.10243,-0.46589,-0.39071,-0.80435,-0.40273,-0.27237,-0.12045,0.79752,0.16557,-0.46819,-0.28495,-0.02955,1.06565,1.0702,-0.52431,-0.31673,0.05523,0.02302,0.13472,-0.31673,0.0293,-0.71867,-0.48718,-0.45755,0.32687,-0.78019,0.03437,0.01383,0.76575,-0.08113,0.04661,0.17431,-0.04295,0
0.77289,-0.36428,2.97351,-0.1461,-0.2215,-0.46589,-0.39071,-1.06447,-0.40273,-0.27237,-0.12045,0.79752,0.34829,-0.46819,-0.28495,0.37452,1.06565,2.7022,-0.76101,-0.33717,0.26376,0.28933,0.5405,-0.33717,0.25743,-0.71867,-0.48718,-0.45755,0.55852,-1.01421,0.29549,0.28136,0.99868,-0.69383,0.35332,-0.41267,0.36138,0
1.11003,1.63445,1.7338,-0.1461,0.91224,1.83403,1.35029,0.06272,1.59512,0.20156,1.33068,-0.11836,1.94711,1.42201,-0.28495,1.28368,-0.81973,1.72236,0.1122,0.29138,1.15006,1.15771,-0.54157,0.29138,1.14761,0.4397,1.91081,1.71127,2.06424,0.03885,1.26163,1.06339,1.63922,0.22522,1.27347,0.0822,1.27113,1
-0.4071,-0.47532,0.08085,-0.1461,-0.54542,-0.75338,-0.39071,-0.80435,-0.7357,-0.27237,-0.12045,0.79752,-0.42828,-0.46819,-0.28495,0.02096,-0.81973,-0.39956,-0.00431,-0.29651,-0.30972,-0.30118,-0.54157,-0.29651,-0.28659,-0.71867,-0.72698,-0.72866,-0.42599,-0.54618,-0.3312,-0.27429,-0.04948,0.68475,-0.19195,-0.67188,0.00759,0
-0.57567,-0.1422,-0.53901,-0.1461,0.91224,-0.1784,-0.19727,0.32284,-0.40273,0.67548,-0.3623,-0.79532,-0.47396,0.47691,-0.28495,-0.43362,1.06565,-0.88877,0.7021,-0.20781,-0.36185,-0.34749,-0.81209,-0.20781,-0.36362,1.47823,-0.00758,-0.18645,-0.54181,-0.19516,-0.3312,-0.35661,-0.51533,0.68475,-0.22603,1.54393,-0.44728,0
1.95289,0.52404,1.7338,-0.1461,1.23616,0.97156,0.38307,-1.23788,1.26215,-0.27237,0.36326,-0.198,1.0335,0.79194,-0.28495,2.5464,0.12296,0.78184,3.14144,4.57324,3.49612,3.49657,-1.21786,4.57323,3.49608,0.79919,0.71181,0.89796,1.19556,-1.13121,2.95891,3.8828,1.81391,2.06333,2.36402,-0.13346,2.53468,0
-0.74424,-0.80844,-0.95224,-0.1461,-0.54542,-0.75338,-0.7776,1.36331,-0.7357,-0.27237,-0.60416,0.79752,-0.88508,-0.46819,-0.28495,-1.09023,0.12296,-1.29332,-0.9045,-0.56039,-0.93533,-1.06536,1.08153,-0.56039,-0.95459,0.27992,-0.72698,-0.72866,-0.88929,0.38987,-1.03622,-1.07689,-1.21411,-1.00018,-1.00986,0.87555,-1.10433,0
-0.23853,0.30196,0.28747,-0.1461,-0.38346,0.54032,0.18962,-0.54423,0.5962,-0.0828,0.60511,0.79752,0.21125,0.79194,-0.28495,0.62707,0.12296,1.66816,-0.71563,-0.3706,0.00309,-0.00014,0.5405,-0.3706,0.00947,1.11874,0.47201,0.49131,0.21105,-0.19516,0.03437,-0.02733,0.88221,-0.38748,0.28516,-0.65474,0.61409,0
-0.57567,-0.58636,-0.33239,-0.1461,-0.86935,-0.46589,-0.58416,0.75637,-0.40273,-0.27237,-0.3623,0.79752,-0.611,-0.46819,-0.28495,-0.8882,-0.81973,-0.37689,-0.95355,-0.53512,-0.77893,-0.79905,1.35205,-0.53511,-0.75914,-0.39912,-0.48718,-0.45755,-0.59972,0.74088,-0.74899,-0.82994,-0.69003,-1.00018,-0.90762,-1.1646,-0.90216,0
-0.06996,-0.80844,0.08085,-0.1461,-0.05954,-0.75338,-0.7776,-0.80435,-0.7357,-0.27237,-0.60416,0.79752,-0.611,-0.46819,-0.28495,-0.68616,-0.81973,0.3355,-1.08355,-0.5386,-0.7268,-0.71801,2.29886,-0.5386,-0.70565,0.27992,-0.72698,-0.72866,-0.54181,-1.01421,-0.64454,-0.7682,-0.57356,-1.30653,-0.49867,0.81913,-0.69999,0
-0.91281,-0.80844,-0.74562,8.68089,-0.86935,-0.75338,-0.7776,-1.41129,-0.7357,-0.27237,-0.60416,0.79752,-0.24556,-0.46819,-0.28495,-0.8882,0.12296,1.99973,-0.8162,-0.4034,-0.04904,0.0346,0.81102,-0.40339,-0.03257,0.27992,-0.72698,-0.72866,-0.07851,-1.13121,0.16493,-0.06849,0.41636,-1.00018,-0.43051,3.40555,-0.09349,0
-0.4071,-0.58636,-0.95224,-0.1461,0.91224,-0.46589,-0.58416,-0.63093,-0.40273,-0.27237,-0.84601,-1.87048,-0.65668,-0.46819,-0.28495,-0.43362,-0.81973,-0.66666,-0.21771,-0.41286,-0.51826,-0.52117,-0.27105,-0.41286,-0.53167,-0.39912,-0.48718,-0.45755,-0.65764,-0.8972,-0.48787,-0.54182,-0.57356,-0.2343,-0.19195,1.54393,-0.44728,0
1.78432,0.52404,0.28747,-0.1461,2.20793,0.97156,0.38307,-0.80435,1.26215,-0.27237,0.60511,0.31967,0.48533,-0.46819,-0.28495,1.28368,-0.81973,-0.03681,1.24909,0.62736,0.73298,0.81036,-1.0826,0.62736,0.74431,-1.19799,0.71181,0.89796,0.50061,-0.8972,0.79162,0.81643,0.59106,1.14428,1.68243,0.7463,1.27113,0
2.29003,2.30069,1.11394,-0.1461,4.4754,2.26527,1.93063,-0.02399,1.59512,0.56174,0.84697,-1.19352,2.22119,1.10698,-0.28495,1.99081,-0.81973,0.97172,1.04427,1.09687,1.61927,1.66717,-0.94734,1.09688,1.64197,-0.1994,2.6302,2.25347,2.23798,-0.42918,1.80998,1.53672,1.58099,0.83793,2.7389,1.21545,1.97872,1
-0.23853,-0.80844,-0.53901,-0.1461,0.42635,-0.75338,-0.7776,-0.1974,-0.7357,-0.27237,-0.60416,0.79752,-0.79372,-0.46819,-0.28495,-0.8882,-0.81973,0.42299,-0.45072,-0.34715,-0.15331,-0.01172,-0.00053,-0.34715,-0.16363,0.27992,-0.72698,-0.72866,-0.77346,-0.8972,-0.09619,0.05499,-0.34064,-0.84701,-0.56683,2.19589,-0.90216,0
-0.06996,0.07988,-0.12577,-0.1461,-0.86935,-0.1784,0.18962,-0.80435,-0.06975,-0.27237,0.60511,0.79752,0.43965,-0.46819,-0.28495,1.03114,0.12296,0.05493,1.92852,1.39864,1.30646,1.49349,-1.0826,1.39864,1.31124,-1.15805,-0.24738,-0.18645,0.50061,-0.42918,1.07885,1.80426,0.41636,1.14428,0.48964,-1.1646,1.01843,0
0.09861,-0.1422,0.70071,-0.1461,-0.70738,-0.03466,-0.19727,-1.06447,-0.06975,0.04042,-0.12045,0.0011,0.21125,0.79194,3.50939,0.72809,0.12296,0.25508,0.96333,0.56471,0.83725,0.84509,-0.94734,0.56471,0.84741,2.2771,-0.00758,-0.0509,0.32687,-0.78019,0.79162,0.87817,1.05691,1.45063,0.35332,-0.99465,0.71518,0
-0.74424,-0.80844,-0.33239,-0.1461,-0.2215,-0.75338,-0.7776,-0.89105,-0.7357,-0.27237,-0.60416,0.79752,-0.8394,-0.46819,-0.28495,-0.63565,-0.81973,-0.08357,-0.92167,-0.52072,-0.67466,-0.70643,1.21679,-0.52072,-0.67388,0.27992,-0.72698,-0.72866,-0.83137,-0.78019,-0.74899,-0.6653,-0.51533,-0.69383,-0.63499,0.4221,-0.64945,0
-0.23853,3.85526,-0.53901,0.40559,0.10243,2.26527,3.28475,2.66391,-0.40273,8.73221,4.47479,0.79752,2.08415,6.46257,3.50939,0.72809,-0.81973,2.03835,-0.72053,-0.35077,0.10736,0.1967,0.5405,-0.35076,0.1194,2.2771,4.06899,2.11792,1.65886,3.081,0.24326,0.15789,0.53283,-0.84701,0.48964,-0.12346,0.76572,0
-1.08138,1.19028,-1.15886,-0.1461,-0.70738,0.54032,0.9634,4.74486,-0.7357,8.25828,-0.84601,-2.82618,-0.10851,2.68215,3.50939,-0.63565,0.12296,-0.08676,-0.43233,-0.39657,-0.36185,-0.31276,-0.13579,-0.39657,-0.36743,2.2771,1.43121,1.44017,-0.42599,6.12316,-0.30509,-0.31545,-0.34064,-0.54066,-0.80538,-0.6883,-0.64945,0
0.43575,0.74612,-0.33239,-0.1461,-0.05954,1.25905,0.57651,-0.02399,1.26215,0.00251,0.12141,-0.9546,0.71374,0.79194,-0.28495,0.52605,-0.81973,0.4152,0.05333,-0.08145,0.26376,0.28933,-0.54157,-0.08146,0.25105,0.51958,1.19141,1.16906,0.73226,0.03885,0.37382,0.21962,0.59106,0.22522,0.42148,-0.31484,0.51301,0
-0.57567,-0.25324,-0.53901,-0.1461,-0.38346,-0.75338,-0.00382,0.40954,-0.7357,-0.27237,-0.60416,-1.87048,-0.29124,-0.46819,-0.28495,-0.28209,-0.81973,-0.66099,1.1755,0.12564,0.00309,0.12723,-0.94734,0.12564,0.02645,-1.03822,-0.72698,-0.72866,-0.36808,0.50687,0.19104,0.07557,-0.28241,0.53157,-0.39643,-0.27199,-0.29566,0
0.09861,-0.36428,2.35366,-0.1461,-0.05954,-0.46589,-0.39071,-0.89105,-0.40273,-0.27237,-0.12045,0.79752,0.21125,-0.46819,-0.28495,0.07147,1.06565,1.79675,-0.81129,-0.41076,-0.10118,-0.05803,0.81102,-0.41076,-0.08249,-0.71867,-0.48718,-0.45755,0.38479,-0.78019,-0.07008,-0.04791,0.53283,-0.69383,0.04661,-0.08276,0.05813,0
-0.74424,-0.58636,0.28747,-0.1461,-0.54542,-0.46589,-0.58416,-1.06447,-0.40273,-0.27237,-0.3623,0.79752,-0.42828,-0.46819,-0.28495,-0.02955,1.06565,0.3362,-0.66289,-0.43478,-0.36185,-0.34749,0.40524,-0.43478,-0.36915,-0.39912,-0.48718,-0.45755,-0.36808,-0.78019,-0.35731,-0.33603,-0.10772,-0.54066,-0.29419,-0.65474,-0.04295,0
-0.4071,-0.36428,-0.95224,-0.1461,-0.86935,-0.75338,-0.19727,-0.1107,-0.7357,-0.27237,-0.60416,-1.59173,-0.47396,-0.46819,-0.28495,-0.23158,0.12296,-0.67587,0.6506,-0.12819,-0.20545,-0.16224,-0.81209,-0.12818,-0.19583,-0.91839,-0.72698,-0.72866,-0.54181,0.27286,-0.25286,-0.08907,-0.34064,0.83793,-0.43051,-1.1646,-0.24512,0
-0.4071,-0.1422,-0.74562,-0.1461,0.42635,-0.03466,-0.19727,0.58295,-0.06975,0.04042,-0.60416,-1.59173,-0.3826,0.47691,-0.28495,-0.53463,-0.81973,-1.07121,1.30059,-0.12295,-0.36185,-0.33591,-1.0826,-0.12295,-0.3845,1.47823,-0.00758,-0.0509,-0.42599,0.03885,-0.30509,-0.35661,-0.74826,0.53157,-0.36235,1.21545,-0.54837,0
-0.74424,-0.36428,-0.33239,-0.1461,-0.86935,-0.1784,-0.39071,0.75637,-0.06975,-0.27237,-0.3623,-0.198,-0.51964,-0.46819,-0.28495,-0.73667,-0.81973,-0.73751,-0.83091,-0.53235,-0.77893,-0.84537,0.81102,-0.53235,-0.79376,-0.71867,-0.24738,-0.18645,-0.54181,1.20891,-0.93178,-0.7682,-0.92295,-0.54066,-0.83946,-1.1646,-0.75053,0
3.13288,2.96693,3.59337,-0.1461,1.56009,1.69028,3.86508,0.84307,1.9281,-0.1681,5.20036,0.79752,3.08912,-0.46819,-0.28495,2.5464,0.12296,1.17718,1.80465,2.45947,2.7141,2.55871,-1.0826,2.45948,2.71326,-1.55748,1.43121,1.57572,2.75919,0.62388,2.25389,2.7715,2.51268,2.21651,2.67074,-0.00064,2.53468,1
-0.4071,-0.1422,-0.74562,-0.1461,-0.05954,0.25283,-0.19727,0.14942,0.26322,-0.0354,-0.3623,-0.79532,-0.33692,0.47691,-0.28495,-0.38311,-0.81973,-1.08609,0.75361,-0.28901,-0.51826,-0.52117,-0.94734,-0.28901,-0.52629,1.47823,0.23222,0.2202,-0.36808,0.03885,-0.5401,-0.50066,-0.80649,0.53157,-0.36235,0.32284,-0.39674,0
-0.74424,-0.58636,-0.95224,-0.1461,-0.05954,-0.60964,-0.58416,3.09744,-0.7357,0.67548,-0.60416,-0.51657,-0.8394,0.16188,3.50939,-1.09023,0.12296,-1.43041,-0.40167,-0.54632,-0.93533,-1.0422,-0.13579,-0.54631,-0.94211,2.2771,-0.48718,-0.5931,-0.88929,0.74088,-1.06234,-1.01515,-1.33057,-0.69383,-0.90762,2.40583,-1.10433,0
0.26718,0.74612,-0.12577,-0.1461,0.75027,1.25905,0.57651,0.14942,1.59512,-0.27237,0.12141,-0.9546,0.62237,-0.46819,-0.28495,0.42503,4.83642,0.29405,0.1122,-0.07449,0.21163,0.31248,-0.54157,-0.07449,0.22148,-1.27788,0.95161,1.16906,0.61643,0.03885,0.1127,0.46658,0.18344,0.22522,0.48964,0.4221,0.41192,0
0.43575,0.07988,0.49409,-0.1461,1.72205,0.54032,-0.00382,-0.28411,0.5962,-0.0828,0.12141,0.12056,0.02853,0.16188,-0.28495,0.07147,0.12296,-0.13034,0.64324,0.11491,0.26376,0.31248,-0.81209,0.11491,0.27078,0.27992,0.47201,0.49131,0.03731,-0.66319,0.3216,0.30194,0.35813,0.83793,0.48964,1.43182,0.05813,0
3.13288,1.63445,0.70071,-0.1461,2.04597,1.69028,1.54374,-0.1974,1.9281,-0.1681,1.81439,0.24003,2.31256,-0.46819,-0.28495,1.83928,0.12296,1.23209,0.69965,0.79947,1.515,1.55138,-0.81209,0.79947,1.50899,-1.43765,1.43121,1.57572,2.46963,-0.42918,1.65331,1.4544,1.52276,0.53157,2.29586,0.4221,1.82709,1
0.26718,0.52404,-0.95224,-0.1461,-0.54542,0.97156,0.38307,-0.45752,1.26215,-0.27237,-0.60416,-2.18905,0.25693,-0.46819,-0.28495,0.8291,0.12296,0.90512,-0.80761,-0.45142,-0.30972,-0.26644,0.81102,-0.45141,-0.32644,-1.19799,0.71181,0.89796,0.21105,-0.19516,-0.20064,-0.31545,-0.10772,-1.00018,0.48964,-0.84754,0.81626,0
-0.57567,-0.58636,-0.74562,-0.1461,-0.54542,-0.46589,-0.58416,-0.45752,-0.40273,-0.27237,-0.3623,0.79752,-0.51964,-0.46819,-0.28495,-0.53463,1.06565,-0.85158,-0.19563,-0.43835,-0.62253,-0.63696,-0.40631,-0.43836,-0.61997,-0.39912,-0.48718,-0.45755,-0.4839,-0.31217,-0.61843,-0.64472,-0.69003,-0.08113,-0.60091,-0.37125,-0.54837,0
-0.06996,-0.36428,2.14704,-0.1461,-0.38346,-0.46589,-0.39071,-0.89105,-0.40273,-0.27237,-0.12045,0.79752,0.16557,-0.46819,-0.28495,0.07147,1.06565,1.92286,-0.7745,-0.38636,0.00309,0.0346,0.67576,-0.38636,0.00567,-0.71867,-0.48718,-0.45755,0.32687,-0.66319,0.06048,0.01383,0.64929,-0.69383,-0.05563,-0.47336,0.05813,1
0.60432,-0.03116,0.08085,-0.1461,2.53186,-0.75338,0.38307,-0.97776,-0.7357,-0.27237,0.84697,0.79752,-0.15419,-0.46819,-0.28495,1.73826,-0.81973,-0.34926,1.97022,0.96972,0.78511,0.67142,-1.0826,0.96972,0.77725,-1.19799,-0.72698,-0.72866,-0.31016,-0.8972,0.71328,0.63122,1.2316,3.44191,1.81875,0.66418,1.72601,1
0.60432,-0.58636,0.28747,-0.1461,0.26439,-0.1784,-0.58416,-1.06447,-0.06975,-0.27237,-0.3623,0.79752,-0.33692,0.16188,3.50939,-0.02955,-0.81973,0.60295,-0.3011,-0.25311,0.05523,0.09249,-0.27105,-0.25312,0.04743,2.2771,-0.24738,-0.18645,-0.25225,-1.13121,0.19104,0.01383,0.41636,-0.2343,0.14885,0.34998,-0.04295,0
-0.06996,1.63445,-0.53901,-0.1461,0.58831,1.97778,1.35029,0.75637,1.9281,0.04042,0.36326,-1.35281,0.94214,-0.46819,-0.28495,0.62707,-0.81973,0.27492,1.56059,1.20094,1.30646,1.41244,-1.0826,1.20095,1.32937,-1.39771,1.91081,1.84682,0.79017,0.85789,1.39219,1.41324,0.94044,1.14428,0.52372,0.17431,0.61409,0
